Torre (from Item Portfólio),Item Portfólio,Produto/Serviço,MRR,Clientes,Classificação BCG*
Torre Embarcador,DMS Atacadista/Distribuidor,Fusion - DMS - Gestão de Entregas,R$ 799825.87,0,Migrar
Torre Embarcador,DMS Atacadista/Distribuidor,Fusion - DMS - Jornada de Trabalho,R$ 0.00,0,Migrar
Torre Embarcador,DMS Atacadista/Distribuidor,Fusion - DMS - Roteirizador,R$ 1866260.35,780,Growth
Torre Embarcador,Etiqueta de Frete,Frete Rápido - Shippon,R$ 141365.80,0,Growth
Torre Embarcador,Gestão de Entregas,Bsoft - Localiza Carga,R$ 0.00,174,Migrar
Torre Embarcador,Gestão de Entregas,Comprovei - Comprovei Cargo,R$ 40997.60,0,Growth
Torre Embarcador,Gestão de Entregas,Comprovei - Comprovei Enterprise,R$ 849536.73,91,Growth
Torre Embarcador,Gestão de Entregas,Datamex - Entreguei,R$ 12463.51,41,Migrar
Torre Embarcador,Gestão de Entregas,Hivecloud - AR,R$ 0.00,0,Descontinuado
Torre Embarcador,Gestão de Entregas,RoutEasy - Gestão de Entregas,R$ 202587.65,0,Migrar
Torre Embarcador,Hub de Agendamento,Trizy - GPED,R$ 110501.76,3,Growth
Torre Embarcador,Hub de Oferta de Cargas,Hub de Oferta de cargas,R$ 0.00,0,MVP
Torre Embarcador,Roteirizador,Multisoftware - Roteirizador,R$ 0.00,0,Migrar
Torre Embarcador,Roteirizador,RoutEasy - Maestro,R$ 111438.96,0,Dúvida
Torre Embarcador,Roteirizador,Routeasy - Routing,R$ 810350.62,0,Growth
Torre Embarcador,Soluções de Pedágio,nspedágio - Conta única,R$ 1371306.77,350,Growth
Torre Embarcador,Soluções de Pedágio,nspedágio - Integradores,R$ 0.00,0,Growth
Torre Embarcador,Soluções de Pedágio,qualp,R$ 400607.37,0,Growth
Torre Embarcador,Super App,Trizy - Fretes,R$ 0.00,0,MVP
Torre Embarcador,Super App,Trizy - Super App,R$ 170542.46,0,Growth
Torre Embarcador,TMS Embarcador,Hivecloud - 3PL,R$ 11359.40,0,Migrar
Torre Embarcador,TMS Embarcador,Multisoftware - MultiEmbarcador,R$ 3066000.00,136,Estabilização
Torre Embarcador,TMS Embarcador,Signa - e-Cargo Embarcador,R$ 11344.86,0,Migrar
Torre Embarcador,TMS Embarcador e-commerce,Frete Rápido - Gestão de Fretes,R$ 836130.10,0,Growth
Torre Embarcador,Torre de Controle,Multi - Torre de Controle,R$ 0.00,0,Estabilização
Torre Embarcador,WMS e Gestão de Terminais,Datamex - WMS,R$ 49269.88,50,Migrar
Torre Embarcador,WMS e Gestão de Terminais,KMM - Portus (GTP),R$ 0.00,0,Growth
Torre Embarcador,WMS e Gestão de Terminais,WMS - Locus,R$ 252764.19,0,Dúvida
Torre Embarcador,YMS,GBM - TOT,R$ 2450000.00,31,Growth
Torre Embarcador,YMS,KMM - Flow TOS/Automação,R$ 670606.00,23,Growth
Torre Embarcador,YMS,KMM - GTM ,R$ 68599.47,8,Migrar
Torre Embarcador,YMS,KMM - GUM,R$ 0.00,0,Migrar
Torre Embarcador,YMS,KMM - Novo YMS (.Net),R$ 0.00,0,Growth
Torre Embarcador,YMS,KMM - Novo YMS (PHP),R$ 99000.00,2,Migrar
Torre Embarcador,YMS,KMM - Rota Certa,R$ 51000.00,11,Migrar
Torre Embarcador,YMS,KMM - SAAGRA,R$ 200000.00,7,Maduro
Torre Embarcador,YMS,LogOne - YMS,R$ 379000.00,2,Migrar
Torre Embarcador,YMS,Trizy - B3,R$ 457000.00,36,Migrar
Torre Embarcador,YMS,Trizy - BID,R$ 11746.33,7,Dúvida
Torre Embarcador,YMS,Trizy - Cargas (Legado),R$ 86083.00,11,Dúvida
Torre Embarcador,YMS,Trizy - Classificador,R$ 0.00,1,Migrar
Torre Embarcador,YMS,Trizy - Novo Cargas,R$ 0.00,0,Dúvida
Torre Embarcador,YMS,Trizy - TSM,R$ 1152231.51,91,Growth
Torre Fintech,Gestão de Combusítvel,Gasola,R$ 0.00,0,Growth
Torre Fintech,PEF - Pagamento Eletrônico de Frete,efrete - Pagamento Eletrônico de Frete,R$ 240570.53,129,Growth
Torre Fintech,PEF - Pagamento Eletrônico de Frete,efrete - PEF - Credenciado,R$ 280045.42,968,Growth
Torre Fintech,PEF - Pagamento Eletrônico de Frete,efrete - PEF - Licença de Integração,R$ 402126.23,1173,Growth
Torre Fintech,Serviços Financeiros,efrete - Conta Digital PF,R$ 0.00,0,MVP
Torre Fintech,Serviços Financeiros,efrete - Conta Digital PJ,R$ 0.00,0,MVP
Torre Fintech,Serviços Financeiros,nsflow,R$ 34824.36,9,MVP
Torre IM,Softwares para Corretoras,nscorr,R$ 7306.00,16,MVP
Torre IM,Softwares para Resseguros,CIR,R$ 179725.00,9,Migrar
Torre IM,Softwares para Resseguros,nsre,R$ 126383.00,2,Growth
Torre IM,Softwares para Resseguros,SGE,R$ 102451.00,2,Migrar
Torre IM,Softwares para Seguradoras,nsseg - Averbação,R$ 3112847.00,21,Maduro
Torre IM,Softwares para Seguradoras,nsseg - Avulsa,R$ 6319.00,1,MVP
Torre IM,Softwares para Seguradoras,nsseg - Cotação (SSC),R$ 11378.00,2,MVP
Torre IM,Softwares para Seguradoras,nsseg - Faturamento (CIT),R$ 666435.00,20,Migrar
Torre IM,Softwares para Seguradoras,nsseg - Faturamento (CITWEB),R$ 34429.00,2,Growth
Torre IM,Softwares para Seguradoras,nsseg - Jornada de Cotação,R$ 0.00,0,MVP
Torre MG,Jornada de Trabalho,ATSlog - ATSguard,R$ 0.00,0,Migrar
Torre MG,Jornada de Trabalho,ATSlog - ATSguiarh,R$ 0.00,0,Dúvida
Torre MG,Jornada de Trabalho,ATSlog - ATSguiarh light web,R$ 0.00,0,Dúvida
Torre MG,Jornada de Trabalho,ATSlog - Jornada Assistida,R$ 0.00,0,Growth
Torre MG,Jornada de Trabalho,Trafegus - Jornada,R$ 33736.67,15,Migrar
Torre MG,Marketplace / e-procurement,KMM - nskote,R$ 444322.45,796,Growth
Torre MG,TMS Cabotagem,Multisoftware - MultiCabotagem,R$ 185956.00,0,Estabilização
Torre MG,TMS Cabotagem,Signa - e-Cargo Cabotagem,R$ 1669356.00,0,Migrar
Torre MG,TMS Transportador FTL Agro,Atua - Mais Frete,R$ 3146674.91,1434,Growth
Torre MG,TMS Transportador FTL Médio/Grande,Avacorp,R$ 1077494.00,97,Migrar
Torre MG,TMS Transportador FTL Médio/Grande,Avacorp-i,R$ 0.00,0,Migrar
Torre MG,TMS Transportador FTL Médio/Grande,KMM - TMS Enterprise & Corporate,R$ 2510221.00,53,Migrar
Torre MG,TMS Transportador FTL Médio/Grande,KMM - TMS Essentials,R$ 236000.00,29,Migrar
Torre MG,TMS Transportador FTL Médio/Grande,New KMM,R$ 471262.00,26,Estabilização
Torre MG,TMS Transportador FTL Médio/Grande,New KMM - LTL,R$ 0.00,0,MVP
Torre MG,TMS Transportador FTL Médio/Grande,Praxio - Globus Cargas,R$ 715597.90,106,Migrar
Torre MG,TMS Transportador FTL Médio/Grande,Signa - e-Cargo TMS,R$ 166039.00,17,Migrar
Torre MG,Torre de Controle PSL,ATSlog - ATSsiga,R$ 0.00,0,Migrar
Torre MG,Torre de Controle PSL,ATSlog - ATSsiga Smartweb,R$ 0.00,0,Growth
Torre Mobilidade,Gestão de Passagens Rodoviárias,Praxio - Luna,R$ 424730.39,83,Growth
Torre Mobilidade,TMS Passageiros Médio e Grande,Multisoftware - MultiBus,R$ 0.00,0,Descontinuar
Torre Mobilidade,TMS Passageiros Médio e Grande,Praxio - Globus,R$ 4681372.32,506,Maduro
Torre Mobilidade,TMS Passageiros Micro e Pequeno,Praxio - Siga,R$ 668307.09,184,Growth
Torre Mobilidade,TMS Passageiros Micro e Pequeno,Praxio - Siga Emissor,R$ 8427.72,69,MVP
Torre Mobilidade,TMS Passageiros Micro e Pequeno,Praxio - Siga One,R$ 18932.76,17,Growth
Torre Plataforma,Plataforma,Nstech - Plataforma,R$ 0.00,0,Dúvida
Torre PME,Armazenamento de XML e Gestão de Documentos,Bsoft - nsdocs,R$ 1137905.85,4781,Growth
Torre PME,Armazenamento de XML e Gestão de Documentos,Datamex - Xml Protegido,R$ 112532.80,904,Migrar
Torre PME,Armazenamento de XML e Gestão de Documentos,Otimizy - Coleta XML,R$ 5278.00,94,Descontinuado
Torre PME,ERP e Emissores para Varejo e Indústria,Bsoft - Controle Comercial,R$ 34435.80,121,Migrar
Torre PME,ERP e Emissores para Varejo e Indústria,Bsoft - NFe Prático,R$ 126210.33,980,Migrar
Torre PME,ERP e Emissores para Varejo e Indústria,Otimizy - ErpSoft Desktop,R$ 223284.31,559,Dúvida
Torre PME,ERP e Emissores para Varejo e Indústria,Otimizy - Erpsoft One,R$ 36963.93,304,Dúvida
Torre PME,TMS Transportador FTL Micro,Atua - Mais CTe,R$ 0.00,0,Migrar
Torre PME,TMS Transportador FTL Micro,Bsoft - CTe Prático,R$ 658038.80,3871,Migrar
Torre PME,TMS Transportador FTL Micro,Bsoft - MDFe Prático,R$ 9408.82,94,Migrar
Torre PME,TMS Transportador FTL Micro,Datamex - Emissor Simples,R$ 0.00,0,Migrar
Torre PME,TMS Transportador FTL Micro,Hivecloud - CTe,R$ 246407.42,2851,Growth
Torre PME,TMS Transportador FTL Micro,Hivecloud - MDFe,R$ 1060302.22,4428,Growth
Torre PME,TMS Transportador FTL Micro,Multisoftware - MultiCTe,R$ 738599.57,3930,Migrar
Torre PME,TMS Transportador FTL Micro,Otimizy - Muvly,R$ 0.00,0,Descontinuado
Torre PME,TMS Transportador FTL Pequeno,Bsoft - Controle de Transportadoras,R$ 3298035.17,3348,Migrar
Torre PME,TMS Transportador FTL Pequeno,Bsoft - One,R$ 0.00,0,Descontinuado
Torre PME,TMS Transportador FTL Pequeno,Bsoft - TMS,R$ 2075016.78,3941,Growth
Torre PME,TMS Transportador FTL Pequeno,Datamex - TMS Nacional,R$ 0.00,0,Descontinuado
Torre PME,TMS Transportador FTL Pequeno,Hivecloud - TMS,R$ 33568.94,86,Migrar
Torre VGR,Cadastro,BRK - BRSystem (Cadastro),R$ 3460574.00,961,Migrar
Torre VGR,Cadastro,BU VGR - Cadastro Unificado,R$ 0.00,0,Growth
Torre VGR,Cadastro,Buonny - Buonny Check,R$ 8875848.00,11145,Migrar
Torre VGR,Cadastro,Opentech - Cadastro ,R$ 3118127.00,2466,Migrar
Torre VGR,Cadastro,Pesquisa 4.0,R$ 0.00,0,Maduro
Torre VGR,Gestão e Visibilidade Logística,BRK - BRLog,R$ 1456334.00,54,Migrar
Torre VGR,Gestão e Visibilidade Logística,Buonny - Buonny Log,R$ 159726.00,232,Migrar
Torre VGR,Gestão e Visibilidade Logística,Opentech - SIL,R$ 3512900.00,366,Migrar
Torre VGR,Monitoramento,BRK - BRChecklist,R$ 2095256.17,0,Migrar
Torre VGR,Monitoramento,BRK - BRSystem (Gerenciamento de Risco),R$ 6615653.00,805,Growth
Torre VGR,Monitoramento,BU VGR - Zeus,R$ 0.00,0,Growth
Torre VGR,Monitoramento,Buonny - Buonny SAT,R$ 4875967.00,3229,Growth
Torre VGR,Monitoramento,Opentech - GR,R$ 6800124.00,712,Growth
Torre VGR,Prevenção de Acidentes,BRK - BRSipa,R$ 91125.00,22,Migrar
Torre VGR,Prevenção de Acidentes,Buonny - Bsafe,R$ 51000.00,3,Migrar
Torre VGR,Prevenção de Acidentes,Onisys - Plataforma de gestão da segurança,R$ 610034.00,0,Estabilização
Torre VGR,Prevenção de Acidentes,Onisys - Torre de Prevenção de Acidentes,R$ 130000.00,1,Estabilização
Torre VGR,Prevenção de Acidentes,Opentech - PPA,R$ 75447.00,11,Migrar
Torre VGR,Rastreamento e Telemetria,Buonny - Buonny Tech,R$ 1304082.00,6,Dúvida
Torre VGR,Software de Gestão de Risco,BU VGR - Rastrear,R$ 0.00,0,Migrar
Torre VGR,Software de Gestão de Risco,Trafegus - CAD 4.0,R$ 59274.00,7,Growth
Torre VGR,Software de Gestão de Risco,Trafegus - Checklist,R$ 24634.14,5,Growth
Torre VGR,Software de Gestão de Risco,Trafegus - Gestão de Riscos - Delphi,R$ 0.00,0,Migrar
Torre VGR,Software de Gestão de Risco,Trafegus - Gestão de Riscos - Web,R$ 769870.20,79,Growth