Razão Social,CNPJ,DMS Atacadista/Distribuidor,Gestão de Entrega,Roteirizador,TMS Embarcador,Trizy - APP,Trizy - YMS
4E EQUIPAMENTOS PARA CAMINHOES EIRELI,28.810.269/0001-52,1,,,,,
5 S TRANSPORTES E LOGISTICA FARMACEUTICA LTDA,09.461.008/0001-20,,1,,,,
A L F FERNANDES,34.572.875/0001-80,1,,,,,
A T M COMERCIO E DISTRIBUIDORA LTDA,08.725.744/0001-85,1,,,,,
A.ABELHA DISTRIBUICAO LTDA,45.501.069/0001-37,1,,,,,
A.R. QUEIROZ COMERCIO DE PRODUTOS ALIMENTICIOS LTDA,07.994.127/0001-12,1,,,,,
A2 COMERCIO ATACADISTA DE ELETRONICOS LTDA,26.910.194/0001-56,1,,,,,
ABC DISTRIBUIDORA DE PAPEIS LTDA,13.178.704/0001-09,1,,,,,
ABC DISTRIBUIDORA S A,07.228.042/0001-23,1,,,,,
ABC LOGISTICA LTDA.,42.722.360/0001-47,1,,,,,
ABREU & SILVA DISTRIBUIDOR LTDA.,04.790.656/0001-06,1,,,,,
,04.790.656/0003-78,1,,,,,
ACO BRAZIL COMERCIO LTDA,08.926.351/0001-30,1,,,,,
ACO CEARENSE LOGISTICA LTDA.,49.929.194/0001-01,,,,1,,
ACO PARA INDUSTRIAL LTDA,14.719.161/0001-44,1,,,,,
ACOFER INDUSTRIA E COMERCIO DE FERRO LTDA,44.226.066/0001-70,,,1,,,
ACOMIX LTDA,06.018.430/0002-06,1,,,,,
Aços Cearense (Tech Chapecó),00.000.000/0000-00,,,,,,1
ACOTUBO INDUSTRIA E COMERCIO LTDA,43.919.968/0001-29,,1,,,,
ACOVAZ INDUSTRIA E COMERCIO LTDA,02.689.668/0001-13,,,1,,,
ACTIVAS PLASTICOS INDUSTRIAIS LTDA,00.827.591/0006-80,,,1,,,
ACUMULADORES MOURA S A,09.811.654/0001-70,,,1,,,
ADESTE PRODUTOS ANIMAIS E VEGETAIS LTDA,43.563.840/0010-66,,,1,,,
ADM DO BRASIL LTDA,02.003.402/0001-75,,,,,,1
,02.199.856/0001-63,,,1,,,
ADRIANA DISTRIBUIDORA DE PRODUTOS ALIMENTICIOS LTDA,04.724.476/0001-26,1,,,,,
Adubos Araguaia Ind E Com Ltda,03.306.578/0012-11,,,,,,1
AFORT INDUSTRIA DE PLASTICOS LTDA,17.289.826/0001-15,,,1,,,
AG3 COMERCIO E TRANSPORTES DE ALIMENTOS EIRELI,10.506.942/0001-08,1,,,,,
AGABOX EMBALAGENS LTDA,11.095.576/0001-04,,,1,,,
AGIL ALIMENTOS,16.638.936/0001-82,1,,,,,
AGRO AMAZONIA PRODUTOS AGROPECUARIOS S.A.,13.563.680/0064-87,,1,,,,
AGRO VETERINARIA TIMBO LTDA,78.668.597/0001-34,1,,,,,
AGROINDUSTRIA DE ALIMENTOS AVESUI LTDA,22.940.015/0001-72,1,,,,,
AGROSERRANA DISTRIBUIDORA DE PRODUTOS AGROPECUARIOS EIRELI,07.270.638/0001-91,1,,,,,
AGROSUL CATARINENSE LTDA,00.310.006/0001-65,1,,,,,
AHARA JOIAS,11.813.809/0001-59,,,1,,,
AJATO TRANSPORTES LTDA,07.515.777/0001-38,,1,,,,
AJL - AGRONEGOCIO JOSIDITH LTDA,19.321.410/0001-62,1,,,,,
AKL COMERCIAL ELETRICA IMPORTACAO E EXPORTACAO LTDA,08.252.740/0001-27,1,,,,,
AKRON,67.692.418/0001-88,,,1,,,
ALBA ENTERPRISES AGROINDUSTRIAL LTDA.,31.820.224/0002-54,1,,,,,
ALCAM SOLUCOES EM SERVICOS E COMERCIO DE EQUIPAMENTOS LTDA,28.709.073/0001-76,,,1,,,
ALF NETO DISTRIBUIDORA DE BEBIDAS E PRODUTOS ALIMENTICIOS EI,15.625.187/0001-96,1,,,,,
ALF NETO DISTRIBUIDORA DE BEBIDAS E PRODUTOS ALIMENTICIOS UN,15.625.187/0002-77,1,,,,,
ALFPACK INDUSTRIA E COMERCIO DE EMBALAGENS LTDA,36.336.372/0001-30,1,,,,,
ALIANCA MATERIAIS DE CONSTRUCOES LTDA,14.298.960/0001-94,1,,,,,
ALIANCA NAVEGACAO E LOGISTICA LTDA.,02.427.026/0001-46,,,,1,,
ALIMAX PRODUTOS ALIMENTICIOS LTDA,52.408.699/0001-27,1,,,,,
ALIMENTARE PRODUTOS ALIMENTICIOS LTDA,08.166.524/0001-69,1,,,,,
,08.166.524/0003-20,1,,,,,
ALIMENTOS WILSON LTDA EM RECUPERACAO JUDICIAL,55.323.216/0003-41,,1,,,,
ALL FRIG COMERCIO E IMPORTACAO DE PRODUTOS ALIMENTICIOS LTDA,56.433.162/0001-78,1,,,,,
ALL NUTRI ALIMENTOS EIRELI,05.965.693/0001-70,1,,,,,
ALLAS SOLUCOES LOGISTICAS LTDA.,36.560.861/0001-71,,1,,,,
ALMEIDA COMERCIO DISTRIBUIDOR DE MATERIAIS DE CONSTRUCAO LTD,35.419.548/0001-55,1,,,,,
ALUMINIO RAMOS,45.273.406/0001-86,,,1,,,
ALVOAR LACTEOS NORDESTE S/A,10.483.444/0001-89,,,,1,,
ALVOAR LACTEOS S/A,21.992.946/0001-51,,,,1,,
Amaggi Exportacao E Importacao Ltda,77.294.254/0055-87,,,,,,1
Ambev S.A.,07.526.557/0040-16,,,,,,1
,07.526.557/0044-40,,,,,,2
AMEV IMPORTADORA E DISTRIBUIDORA LTDA,41.747.346/0001-35,1,,,,,
AMIV - COMERCIO DE PRODUTOS ALIMENTICIOS LTDA,06.314.410/0001-93,1,,,,,
AMORIX ALIMENTOS LTDA - EPP,26.452.694/0001-91,1,,,,,
AMPLA AGENCIAMENTO DE CARGAS EIRELI,29.219.812/0001-04,,1,,,,
ANAPOLIS DISTRIBUIDORA DE BATERIAS LTDA,23.934.817/0001-32,1,,,,,
ANB FARMA LTDA,73.773.129/0001-06,,1,,,,
ANDRA S A ELECTRIC SOLUTIONS,47.674.429/0003-90,,,1,,,
Anglo American Niquel Brasil Ltda,42.184.226/0011-01,,,,,,1
ANISIO PINTOR LTDA,10.766.877/0001-41,1,,,,,
ANNEL DISTRIBUIDORA LTDA,71.171.060/0001-15,1,,,,,
ANTONIAZZI E CIA LTDA,95.597.647/0001-59,1,,,,,
ANTONIO CAVALCANTI CORREA DE ARAUJO,00.023.418/7294-87,1,,,,,
ARAFORROS IND E COMERCIO DE PERFILADOS LTDA,00.321.975/0001-11,1,,,,,
ARAUCO DO BRASIL S.A.,76.518.836/0001-44,,,,1,,
ARAUJO CABRAL & ALVES LTDA,07.201.916/0001-59,1,,,,,
ARCELORMITTAL BRASIL S.A.,17.469.701/0001-77,,,,1,,
ARCOLUB - ARCOS LUBRIFICANTES LTDA,00.820.570/0001-28,1,,,,,
ARILOG SOLUCOES EM LOGISTICA LTDA,08.572.740/0001-04,1,,,,,
Arm Armazens Gerais & Logistica Ltda,00.000.000/0000-00,,,,,,1
Armazem Agricola Jp Michels Ltda,51.056.954/0001-57,,,,,,1
ARMAZEM CENTRAL DE ACABAMENTOS LTDA,05.005.166/0001-14,1,,,,,
ARMAZEM MATEUS S.A.,23.439.441/0035-39,,,1,,,
Armazens Gerais Carapina Ltda,27.980.960/0004-64,,,,,,1
Armazens Gerais Leste De Minas Limitada,17.370.354/0001-20,,,,,,1
ART LIMP BRASIL LTDA,13.186.075/0001-50,,,1,,,
ARTE TRIGO INDUSTRIAL LTDA,16.366.878/0001-85,1,,,,,
ASA BRANCA INDL. COML. E IMPORTADORA LTDA,03.636.036/0001-54,1,,,,,
ASA INDUSTRIA E COMERCIO LTDA,01.551.272/0001-42,1,,,,,
ASSISTENCIA CURITIBA PECAS,22.789.202/0001-05,,,1,,,
ASSISTENCIA E PROMOCAO SOCIAL EXERCITO DE SALVACAO,43.898.923/0060-75,,,1,,,
ASSUNCAO DISTRIBUIDORA,05.892.612/0002-30,1,,,,,
ASTORIA LOGISTICA E TRANSPORTE LTDA,29.303.659/0001-07,1,,,,,
ATACADAO COMERCIO DE CARNES LTDA,11.744.898/0003-90,1,,,,,
ATACADAO DIA A DIA LTDA,17.457.404/0009-69,1,,,,,
ATACADAO ECONOMICO - COMERCIO DE MATERIAL DE CONSTRUCAO LTDA,34.961.047/0001-33,1,,,,,
ATACADAO FARIAS,12.731.535/0001-11,1,,,,,
ATACADAO PAPELEX LTDA,16.731.862/0001-24,1,,,,,
ATACADO SAO PAULO LTDA,28.410.074/0003-87,1,,,,,
ATACADO VILA NOVA SAO PAULO LTDA,19.101.641/0001-60,,,1,,,
ATACAMAX IMPORTADORA DE ALIMENTOS LTDA,08.305.623/0001-84,1,,,,,
ATACAR DISTRIBUIDORA DE MATERIAIS DE CONSTRUCAO LTDA,16.655.485/0001-91,1,,,,,
ATIMIL,22.416.412/0001-40,1,,,,,
ATIVA DISTRIBUICAO E LOGISTICA LTDA,01.125.797/0007-01,,,1,,,
ATLAS DE IGUACU DISTRIBUIDORA DE ALIMENTOS LTDA,29.310.554/0001-77,1,,,,,
ATLAS PAPELARIA LTDA,13.677.034/0001-67,1,,,,,
"Att Armazenagem, Transporte E Transbordo Eireli",72.451.917/0001-13,,,,,,1
ATTACK DISTRIBUIDORA LTDA,07.486.620/0001-21,1,,,,,
AUREA INDUSTRIA E COMERCIO LTDA,83.456.244/0001-00,,,,1,,
AURORA BEBIDAS E ALIMENTOS FINOS LTDA,61.296.646/0001-52,,,1,,,
AURORA COOP,83.310.441/0054-29,1,,,,,
AUTOBATE COMERCIO DE BATERIAS PLACAS E ACCESSORIOS LTDA,13.024.450/0001-66,1,,,,,
AVECRE ABATEDOURO LTDA,01.464.871/0001-29,,,1,,,
AVIC DISTRIBUIDORA DE ACUMULADORES LTDA,76.102.839/0001-00,1,,,,,
,76.102.839/0004-45,1,,,,,
AVIGRO AVICOLA AGROINDUSTRIAL LTDA,16.127.441/0001-99,1,,,,,
AVONA REPRESENTACOES COMERCIAIS LTDA.,65.579.336/0001-04,1,,,,,
AZ PEC SOLUCOES DIFERENCIADAS,32.190.379/0001-36,1,,,,,
BAKOF PLASTICOS LTDA,91.967.067/0001-55,,1,,,,
BARCELOS & CIA LTDA,28.598.795/0001-09,1,,,,,
BARTOFIL DISTRIBUIDORA SA,23.797.376/0001-74,1,,,,,
BASF EC SUVINIL,48.539.407/0073-92,,1,,,,
BASF SA,48.539.407/0001-18,,1,,,,
,48.539.407/0002-07,,1,,,,
BASSO & PANCOTTE LTDA,92.341.312/0001-87,1,,,,,
BASTO MESQUITA DISTRIBUICAO E LOGISTICA LTDA,12.464.051/0001-53,1,,,,,
BATERMOL DISTRIBUIDORA PARANAENSE DE ACUMULADORES LTDA,81.101.693/0001-00,1,,,,,
BAURU DISTRIBUIDORA DE BATERIAS LTDA,28.396.755/0001-76,1,,,,,
BB LOGISTICA LTDA - EPP,24.875.295/0001-08,,,,,1,
BEBIDAS DUELO LTDA,86.549.425/0003-31,1,,,,,
BELAGRICOLA,79.038.097/0001-81,,,1,,,
Belem Bioenergia Brasil S/A,13.188.854/0001-95,,,,,,1
BELLE LOGISTICA,26.687.098/0001-90,1,,,,,
BELLO ALIMENTOS LTDA,08.201.770/0005-38,1,,,,,
,08.201.770/0013-48,1,,,,,
BELLOBELLA COSMETICOS,21.559.832/0001-12,1,,,,,
BELMA,08.039.334/0001-80,1,,,,,
BELO JARDIM COMERCIAL DE BATERIAS LTDA,53.363.016/0001-25,1,,,,,
BEM BRASIL ALIMENTOS S/A,06.004.860/0001-80,,,,1,,
BENENUTRI COMERCIAL LTDA,20.720.905/0001-43,,1,,,,
BERTA COMERCIO DE COSMETICOS LTDA,12.362.542/0001-93,1,,,,,
BEVILAQUA DISTRIBUIDORA DE ALIMENTOS LTDA,32.890.345/0001-54,1,,,,,
BH GIRO DISTRIBUIDORA DE ALIMENTOS LTDA,10.329.164/0001-10,1,,,,,
Binatural Energias Renovaveis S.A,07.113.559/0001-77,,,,,,1
BINOTTO TRANSPORTES LTDA,47.617.750/0001-70,,,,,1,
BIOMA COMERCIO DE MOVEIS LTDA,42.800.463/0001-88,,,1,,,
BIOMEDICAL DISTRIBUTION MERCOSUR LTDA,02.426.290/0005-99,,1,,,,
BISPO DISTRIBUIDORA DE PRODUTOS ALIMENTICIOS EIRELI,06.880.979/0001-16,1,,,,,
Blue Stone Brasil Ltda,40.072.821/0001-58,,,,,,1
BLUMENAU DISTRIBUIDORA DE BATERIAS LTDA.,47.496.711/0001-62,1,,,,,
BMB MATERIAL DE CONSTRUCAO S.A.,23.476.033/0001-08,,,,1,,
BMG FOODS IMPORTACAO E EXPORTACAO LTDA,10.989.834/0020-98,1,,,,,
BMH DISTRIBUICAO E LOGISTICA LTDA,17.464.294/0001-05,1,,,,,
Boa Esperanca Agropecuaria Ltda,01.722.958/0016-35,,,,,,1
BOARD NET,71.959.431/0001-28,,,1,,,
Bom Futuro,00.000.000/0000-00,,,,,,1
Bom Jesus Agropecuaria Ltda,00.000.000/0000-00,,,,,,1
BOM PEIXE INDUSTRIA E COMERCIO LTDA,45.666.419/0001-15,1,,,,,
BOMBONIERE SUPER CANCUN,08.214.295/0001-00,1,,,,,
BONFIM BATERIAS LTDA,16.392.367/0001-38,1,,,,,
BORTMAN & CIA LTDA,83.899.153/0001-40,1,,,,,
BOTICARIO PRODUTOS DE BELEZA LTDA,11.137.051/0719-54,,,,1,,
BR MOBILE LOCACAO E COMERCIO DE EQUIPAMENTOS LTDA,13.492.207/0001-72,,,1,,,
BRADO LOGISTICA S.A.,03.307.926/0001-12,,,,1,,
Brado Logística Sa,03.307.926/0009-70,,,,,,1
BRAGO DISTRIBUIDORA DE PRODUTOS DE CONSUMO LTDA,20.437.070/0001-19,1,,,,,
BRASA BURGUER,18.368.263/0001-13,,,1,,,
BRASALPLA BRASIL - INDUSTRIA DE EMBALAGENS LTDA.,01.377.724/0001-11,,1,,,,
,01.377.724/0004-64,,1,,,,
,01.377.724/0009-79,,1,,,,
BRASALPLA RIO DE JANEIRO - INDUSTRIA DE EMBALAGENS LTDA.,11.767.105/0001-97,,1,,,,
BRASCON GESTAO AMBIENTAL LTDA,11.863.530/0001-80,1,,,,,
BRASIL FERRO,04.353.233/0001-29,1,,,,,
BRASIL LOGISTICA TRANSPORTE INTEGRADO LTDA,21.642.529/0002-60,1,,,,,
BRASLAB PRODUTOS OTICOS LTDA,11.511.163/0001-55,,,1,,,
BRASLIMPO COMERCIAL LTDA,65.833.410/0001-69,1,,,,,
BRASSOL BRASILIA ALIMENTOS E SORVETES LTDA,37.056.132/0001-45,1,,,,,
BRASWELL PAPEL E CELULOSE LTDA.,11.778.932/0001-86,,1,,,,
BRAVO SERVICOS LOGISTICOS LTDA,00.950.001/0001-05,,,1,,,
BRAZON,09.114.027/0001-80,,,1,,,
BRENEX,00.000.000/0000-00,,,,,1,
BRF S.A.,01.838.723/0001-27,,,,1,,1
Brfertil S.A,12.759.673/0002-90,,,,,,1
,12.759.673/0003-70,,,,,,1
BRICO BREAD ALIMENTOS LTDA EM RECUPERACAO JUDICIAL,71.743.769/0001-48,1,,,,,
BROS LOGISTICA E TRANSPORTES LTDA,24.953.072/0001-11,,,1,,,
BRS SP SUPRIMENTOS CORPORATIVOS S/A,03.746.938/0013-87,,,1,,,
BSB EXPRESS,08.944.556/0001-48,,,1,,,
BSB-DF TRANSPORTES DE CARGAS LTDA,08.944.556/0001-48,,1,,,,
BT EQUIPAMENTOS INDUSTRIAIS EIRELI,01.852.612/0001-75,1,,,,,
BTRANS INFORMATICA LTDA,15.127.839/0001-62,,1,,,,
BUAIZ S/A INDUSTRIA E COMERCIO,28.126.928/0001-36,1,,,,,
Buckminster Quimica Ltda,03.662.398/0001-10,,,,,,1
BUFALO INDUSTRIA E COMERCIO DE PRODUTOS QUIMICOS LTDA,53.346.524/0001-03,1,,,,,
BUFFET CHARLO,62.321.146/0001-96,,,1,,,
Bunge Alimentos S/A,84.046.101/0574-62,,,,,,1
"BUN-TECH, TECNOLOGIA EM INSUMOS LTDA.",56.998.438/0007-50,,,,1,,
C & B PORTAS E JANELAS DE ALUMINIO,23.729.608/0001-57,,,1,,,
C & J DISTRIBUIDORA AMAZONIA LTDA,05.970.806/0001-26,1,,,,,
C & M DISTRIBUIDORA DE CARNES LTDA,41.595.521/0001-16,1,,,,,
C B S PARAFUSOS IMPORTADORA LTDA,10.742.938/0001-30,1,,,,,
C BAESSA DISTRIBUIDORA,14.409.584/0001-68,1,,,,,
C D A - DISTRIBUIDORA DE ALIMENTOS LTDA,04.788.035/0001-98,1,,,,,
C. D. P. DISTRIBUIDORA DE PRODUTOS ALIMENTICIOS LTDA,11.026.831/0001-59,1,,,,,
C. IRMAOS INDUSTRIA DE BEBIDAS LTDA,08.190.634/0001-66,1,,,,,
CABOCLO DISTRIBUIDOR LTDA,60.959.160/0001-94,1,,,,,
CABRAL & SOUSA LTDA,14.273.817/0003-00,1,,,,,
Cacique Combustiveis Ltda,08.986.525/0006-64,,,,,,1
CADAN DISTRIBUICAO,70.089.974/0001-79,1,,,,,
CAFE DO SITIO INDUSTRIA E COMERCIO LTDA,00.452.102/0001-48,1,,,,,
CALVO,00.640.071/0001-59,,,1,,,
CAMAQUA DISTRIBUIDORA LTDA,07.061.124/0001-26,1,,,,,
Camil (Tech Chapecó),00.000.000/0000-00,,,,,,1
CAMIL ALIMENTOS S.A.,64.904.295/0043-62,,,,1,,
CAMPEAO DISTRIBUIDORA,12.033.987/0001-20,1,,,,,
CAMPO GRANDE DISTRIBUIDOR DE BATERIAS LTDA,13.460.739/0001-28,1,,,,,
,13.460.739/0002-09,1,,,,,
CAMPO LIMPO DISTRIBUIDORA DE BATERIAS LTDA,43.209.400/0001-14,1,,,,,
CAMPOS GERAIS COMERCIO DE BATERIAS LTDA,50.237.234/0001-25,1,,,,,
CANDIDO E CANDIDO COMERCIO DE PRODUTOS ALIMENTICIOS LTDA,20.001.243/0001-51,,,1,,,
CANDY COMERCIO DE ALIMENTOS EIRELI,02.642.677/0001-59,,,1,,,
Caramuru Alimentos S.A.,00.080.671/0001-00,,,,,,1
CARDAO COMERCIO E IMPORTACAO LTDA,02.039.540/0001-04,1,,,,,
,02.039.540/0003-76,1,,,,,
Carrefour (Tech Chapecó),00.000.000/0000-00,,,,,,1
CARREFOUR COMERCIO E INDUSTRIA LTDA,45.543.915/0001-81,,,,2,,
CARRIERS LOGISTICA E TRANSPORTE LTDA,10.520.136/0001-86,,,1,,,
CASA CARDAO LTDA,32.287.542/0001-83,1,,,,,
CASA CONTENTE COMERCIO DE MOVEIS LTDA,13.364.464/0001-29,1,,,,,
CASA DE CARNES COMERCIO E DISTRIBUICAO LTDA,01.228.538/0001-10,1,,,,,
CASA DO CONFEITEIRO,54.511.167/0001-46,1,,,,,
CASA DO QUEIJO,79.943.627/0001-36,,,1,,,
CASA MATTOS LTDA,19.525.302/0017-79,1,,,,,
CASA NUNES MARTINS S A IMPORTADORA E EXPORTADORA,33.113.077/0001-27,1,,,,,
CASA PADIM ATACADO DISTRIBUIDOR DE ALIMENTOS LTDA,05.505.281/0001-58,1,,,,,
CASCAVEL DISTRIBUIDORA DE BATERIAS LTDA,46.409.085/0001-67,1,,,,,
CASSOL MATERIAIS DE CONSTRUCAO LTDA,75.400.218/0001-32,,,,1,,
CASTRO NAVES COMERCIO E SERVICOS DE DISTRIBUICAO S.A.,03.341.743/0001-13,1,,,,,
CAXIAS DO SUL DISTRIBUIDORA DE BATERIAS LTDA,42.975.753/0001-62,1,,,,,
CBMM,00.000.000/0000-00,,,,,,1
CCN - COMERCIAL CENTRO NORTE ALIMENTOS LTDA,08.638.790/0001-47,1,,,,,
CDA - COMPANHIA DE DISTRIBUICAO ARAGUAIA,26.651.646/0001-22,1,,,,,
CEARA DISTRIBUIDORA DE ALIMENTOS LTDA,07.133.563/0001-05,1,,,,,
CEBRACE CRISTAL PLANO LTDA,45.070.190/0002-32,,,,1,,
CEDAN TRANSPORTES,40.932.450/0001-37,1,,,,,
CEDEP COMERCIO LTDA,14.076.889/0002-86,1,,,,,
CENTERBOX SUPERMERCADOS LTDA,11.497.712/0001-84,1,,,,,
CENTRO OESTE DISTRIBUIDORA DE PECAS,16.537.746/0001-79,1,,,,,
CENTROLI INDUSTRIA E COMERCIO LTDA,24.509.214/0001-56,1,,,,,
CENTROLOG LOGISTICA E TRANSPORTE LTDA,10.263.004/0001-16,1,,,,,
CEREAIS DO NICO LTDA,31.804.115/0001-62,1,,,,,
Cereal Comercio Exportacao E Representacao Agropecuaria S/A,00.012.377/0001-60,,,,,,1
CEREALISTA CAMPO GRANDE LTDA,25.829.953/0001-98,1,,,,,
CERENNIA DISTRIBUIDORA LTDA,41.752.207/0001-08,1,,,,,
CERTO DISTRIBUICAO LTDA,25.100.371/0001-76,1,,,,,
CESCOM CESCONETO COMERCIAL LTDA,27.724.509/0001-33,1,,,,,
CESCONETTO ATACADO,06.967.098/0001-37,1,,,,,
CESCONETTO INDUSTRIA E COMERCIO DE ALIMENTOS LTDA,11.727.497/0001-60,1,,,,,
CESTAS BOAMESA,23.030.471/0001-48,1,,,,,
CEU DE PRATA,26.247.418/0001-91,,,1,,,
CF DISTRIBUIDORA DE ALIMENTOS LTDA,04.267.390/0001-11,1,,,,,
CHAPECOENSE COMERCIO DE BATERIAS LTDA,23.493.689/0001-39,1,,,,,
,23.493.689/0002-10,1,,,,,
CHEF BOB,26.722.573/0001-12,,,1,,,
CHEGATTO COMERCIO DE RACAO LTDA.,07.801.928/0001-14,1,,,,,
CHP SOLUCOES LTDA,11.007.847/0001-14,,1,,,,
CHUA DISTRIBUIDORA DE ALIMENTOS E REPRESENTACOES S/A,19.199.702/0003-36,1,,,,,
Cianport - Cia Norte De Navegacao E Portos,14.789.807/0001-60,,,,,,1
CIGAME COMERCIO DE MATERIAL ELETRICO E HIDRAULICO LTDA,09.721.504/0001-75,1,,,,,
CIMED,16.619.378/0004-50,,1,,,,
CIPAN COM E IND DE PRODS ALIMENTICIOS DO NORDESTE LTDA,09.991.639/0001-50,1,,,,,
CIPRIANO COMERCIO E DISTRIBUICAO LTDA,39.361.209/0001-16,1,,,,,
CIRNE IRMAOS & CIA LTDA,08.326.720/0001-53,1,,,,,
Citrosuco S/A Agroindustria,00.000.000/0000-00,,,,,,1
,33.010.786/0001-87,,,,,,1
CKBR BEBIDAS LTDA,04.176.513/0009-66,,,,1,,
CLARUS COMERCIO DE EPI'S E FERRAMENTAS LTDA,06.012.849/0001-61,1,,,,,
CLI,13.528.071/0001-03,,,1,,,
CLICAMPO INTERMEDIACAO DE SERVICOS LTDA.,40.875.693/0001-80,,,1,,,
CM HOSPITALAR S.A.,12.420.164/0001-57,,2,,,,
CM2 TRANSPORTES,08.236.842/0001-59,,,1,,,
COBASI COMERCIO DE PROD BASICOS E INDUSTRIALIZADOS LTDA,53.153.938/0040-14,,,,1,,
COCIL CONSTRUCOES CIVIS E INDUSTRIAIS LTDA,04.386.041/0001-19,1,,,,,
CODIBA COMERCIAL DISTRIBUIDORA DE BATERIAS LTDA,08.472.771/0001-93,1,,,,,
CODIL ALIMENTOS LTDA,04.695.085/0001-20,1,,,,,
COFER FERRO E ACO LTDA,18.290.304/0001-04,1,,,,,
COFER IMPORTADORA E DISTRIBUIDORA LTDA,03.064.064/0001-44,1,,,,,
COFER INDUSTRIA E COMERCIO DE TUBOS LTDA,30.243.982/0001-03,1,,,,,
COLCHOES CAVALETTI,07.885.215/0001-86,,,1,,,
COLINA DISTRIBUIDORA DE PRODUTOS ALIMENTICIOS EIRELI,07.436.513/0001-99,1,,,,,
COMAL - COMERCIO ATACADISTA DE ALIMENTOS LTDA,07.534.303/0001-33,1,,,,,
COMAL COMERCIAL DE ACUMULADORES E COMPONENTES LTDA,31.486.061/0001-34,1,,,,,
,31.486.061/0002-15,1,,,,,
,31.486.061/0003-04,1,,,,,
COMBAT COMERCIO DE BATERIAS LTDA,08.099.681/0001-07,1,,,,,
,08.099.681/0003-60,1,,,,,
COMBATE DISTRIBUIDORA DE BEBIDAS E PRODUTOS ALIMENTICIOS LTD,07.117.685/0003-61,1,,,,,
COMEBOM DISTRIBUIDORA LTDA,10.871.390/0001-29,1,,,,,
COMERCIAL ALVORADA DE PRODUTOS PARA LIMPEZA E DESCARTAVEIS L,07.888.247/0001-35,1,,,,,
COMERCIAL ANTONIO CARVALHO LTDA,02.559.428/0001-02,1,,,,,
COMERCIAL ATACADISTA REDEFORT LTDA,14.614.080/0001-80,,,1,,,
COMERCIAL AZEVEDO LTDA,19.411.560/0001-67,1,,,,,
COMERCIAL BANDEIRANTES DE BATERIAS LTDA,46.210.258/0001-13,1,,,,,
COMERCIAL BH LIDER LTDA,11.170.837/0001-03,1,,,,,
COMERCIAL BIRIBA LTDA,86.587.607/0001-35,1,,,,,
COMERCIAL CENTRO SUL DE CEREAIS LTDA,14.442.891/0001-40,1,,,,,
COMERCIAL DE ALIMENTOS BOTUCARAI LTDA,05.129.995/0001-09,1,,,,,
COMERCIAL DE BATERIAS UNIAO LTDA,52.890.878/0001-43,1,,,,,
COMERCIAL DE CONSTRUCAO 2001 LTDA,70.220.389/0001-66,1,,,,,
COMERCIAL DE RACOES PROD AGROPECUARIOS NORMANDIA LTDA,72.537.137/0002-71,1,,,,,
COMERCIAL DISKPAN LTDA,02.691.482/0001-07,1,,,,,
COMERCIAL ESPERANCA ATACADISTA IMPORTACAO E EXPORTACAO LTDA,49.092.398/0003-94,1,,,,,
COMERCIAL FLUMINENSE DE BATERIAS E PLACAS LTDA,27.048.354/0001-62,1,,,,,
COMERCIAL IBIAPINA LTDA,07.667.439/0001-11,1,,,,,
COMERCIAL JOSE LUCENA LTDA,08.403.578/0001-09,1,,,,,
COMERCIAL MAIA LTDA,07.577.414/0001-27,1,,,,,
COMERCIAL MARANGUAPE,01.625.371/0002-02,1,,,,,
COMERCIAL OESTE LTDA,40.884.595/0002-90,1,,,,,
COMERCIAL PAULISTA DE BATERIAS LTDA,48.474.001/0001-02,1,,,,,
COMERCIAL ROFE LTDA,05.300.197/0001-06,1,,,,,
COMERCIO ANHANGUERA DE BATERIAS LTDA,48.835.831/0001-00,1,,,,,
COMERCIO DE CARNES FUTURA GERACAO LTDA,07.753.705/0002-00,1,,,,,
COMERCIO DE MATERIAIS P/ CONSTRUCAO SANTA RITA LTDA,06.993.439/0001-49,1,,,,,
COMERCIO DISTRIBUIDORA E INDUSTRIA ESTRELA DO NORTE LTDA,04.658.821/0001-70,1,,,,,
COMERCIO E REPRESENTACOES CECOTI LTDA,42.873.091/0001-10,1,,,,,
"COMERLATO LOGISTICA, TRANSPORTE E SERVICOS LTDA",33.132.711/0001-79,1,,,,,
COMINAS COMERCIAL MINAS DE BATERIAS LTDA,17.699.760/0001-31,1,,,,,
COMPANHIA BRASILEIRA DE DISTRIBUICAO,47.508.411/0001-56,,,,1,,
,47.508.411/2343-00,,,1,,,
COMPANHIA SULAMERICANA DE DISTRIBUICAO,11.517.841/0049-31,,,,1,,
COMPANHIA ULTRAGAZ S.A,61.602.199/0001-12,,,,1,,
COMPONENTES GENUINOS COMERCIO DE PECAS AUTOMOTIVAS LTDA,10.518.551/0001-03,,,1,,,
CONDOR ATACADISTA DE MATERIAIS PARA CONSTRUCAO S/A,03.261.204/0001-74,1,,,,,
CONECTA CARGO LOGISTICA INTEGRADA,12.146.737/0001-04,,,1,,,
CONORTE COMERCIAL NORTE MINAS DE BATERIAS LTDA,17.995.549/0001-66,1,,,,,
CONSTRUCASA,81.193.336/0001-10,,,1,,,
CONSTRUDECOR S/A,03.439.316/0001-72,,,,1,,
CONSTRUJA DISTRIBUIDORA DE MATERIAIS PARA CONSTRUCAO LTDA,04.648.461/0002-07,1,,,,,
Coonagro Cooperativa Nacional Agroindustrial,84.828.003/0003-70,,,,,,1
COOPERATIVA AGRARIA AGROINDUSTRIAL,77.890.846/0031-94,,,,1,,
Cooperativa Agraria De Machado Limitada,22.226.476/0001-88,,,,,,1
COOPERATIVA AGROINDUSTRIAL ALFA,83.305.235/0001-19,,,,1,,
Cooperativa Agropecuaria Tradicao,05.528.196/0001-05,,,,,,1
COOPERATIVA CENTRAL AURORA ALIMENTOS,83.310.441/0001-17,,,,1,,
,83.310.441/0054-29,,1,,,,
Cooperativa Central Dos Produtores Rurais De Minas Gerais Lt,17.249.111/0023-44,,,,,,1
COOPERATIVA REGIONAL DE COMERCIALIZACAO DO EXTREMO OESTE - C,01.435.328/0002-84,,,,1,,
Cooperativa Regional Itaipu,83.220.723/0030-68,,,,,,1
COOPERCARGA S/A,81.800.849/0001-41,,,,1,,
COOPERFLORA-COOPERATIVA DOS FLORICULTORES,03.300.062/0001-07,,,,1,,
Coopertradição BID,00.000.000/0000-00,,,,,,1
COPACOL - COOP. AGROIND. CONSOLATA,76.093.731/0022-15,,,,1,,
Copagri - Comercial Paranaense Agricola S.A.,04.409.153/0001-48,,,,,,1
COPAL ALIMENTOS LTDA,82.900.713/0001-76,1,,,,,
Copasul Cooperativa Agricola Sul Matogrossense,03.902.129/0001-83,,,,,,1
"COPINI COMERCIO, IMPORTACAO E EXPORTACAO LTDA",10.842.044/0001-12,1,,,,,
CORDIAL DISTRIBUIDORA LTDA,02.171.661/0001-05,1,,,,,
COVABRA SUPERMERCADOS LTDA,61.233.151/0005-08,,,1,,,
CREMER S.A.,82.641.325/0001-18,,1,,,,
CRICIUMA DISTRIBUIDORA DE BATERIAS LTDA.,55.652.146/0001-03,1,,,,,
Csn Cimentos Brasil S.A.,60.869.336/0277-40,,,,,,1
CUNHA DISTRIBUIDORA LTDA,06.247.344/0001-86,1,,,,,
CURICACA COMERCIAL LTDA,24.925.610/0001-64,1,,,,,
D&D DISTRIBUIDORA DE ALIMENTOS LTDA,10.639.655/0001-68,1,,,,,
D. CENTER DISTRIBUIDORA LTDA.,05.651.966/0007-06,,1,,,,
D.G.M.- DISTRIBUIDORA GRANDES MARCAS LTDA,09.350.550/0001-05,1,,,,,
DAB DISTRIBUIDORA DE ALIMENTOS E BEBIDAS LTDA,35.649.953/0001-60,1,,,,,
,35.649.953/0002-40,1,,,,,
DAC - DISTRIBUIDORA DE ALIMENTOS CUIABA LTDA,16.929.282/0001-46,1,,,,,
DAIRY PARTNERS AMERICAS BRASIL LTDA,05.300.331/0025-38,,,,1,,
DALTEZ COMERCIO E LOGISTICA DE ALIMENTOS LTDA.,12.444.252/0001-99,1,,,,,
DANONE LTDA,23.643.315/0001-52,,,,1,,
DANSUL DISTRIBUIDORA DE ALIMENTOS LTDA,07.400.437/0002-42,1,,,,,
DANTAS IMPORTADORA E DISTRIBUIDORA LTDA,09.046.825/0001-11,1,,,,,
DAPAL DISTRIBUIDORA ALAGOANA DE PROD ALIMENTICIOS LTDA,11.919.123/0001-47,1,,,,,
DCL DISTRIBUIDORA CARDEAL LTDA,05.253.499/0001-62,1,,,1,,
DCX PACKAGING DESIGN EMBALAGENS,10.712.844/0001-19,,,1,,,
DE PAULO PAES INDUSTRIA DE ALIMENTOS LTDA,40.989.850/0001-89,1,,,,,
DE SANTA TRANSPORTE RODOVIARIO DE CARGAS LTDA,09.185.434/0001-88,,1,,,,
Del Pozo Transportes Rodoviarios Ltda,76.642.743/0001-27,,,,,,1
DELICIA - COMERCIO DE ALIMENTOS,11.055.002/0001-02,,,1,,,
DELICIAS DO TRIGO INDUSTRIA LTDA,23.951.676/0001-66,,1,,,,
DENTAL TIRADENTES LTDA,71.213.086/0001-89,1,,,,,
DENTALSHOP PRODUTOS ODONTOLOGICOS LTDA,01.326.569/0001-04,1,,,,,
DEPOSITO CARDOSO COMERCIAL LTDA,05.412.096/0001-19,1,,,,,
DEPOSITO SANTOS E RAMOS LTDA,04.613.813/0001-08,1,,,,,
DESINTEC - SERVICOS TECNICOS LTDA,58.408.204/0001-46,,,1,,,
DESTRO BRASIL DISTRIBUICAO LTDA,13.495.487/0001-72,,1,,,,
DEXCO S.A.,97.837.181/0001-47,,,,1,,
DF GENERICA,05.597.131/0001-11,1,,,,,
DF TRANSPORTES E SERVICOS LOGISTICOS LTDA,50.516.660/0001-06,1,,,,,
DI COMERCIO DE ALIMENTOS E BEBIDAS LTDA,13.182.744/0001-16,1,,,,,
DIA DISTRIBUICAO E IMPORTACAO AFOGADOS LTDA,69.944.973/0001-85,1,,,,,
DIALLI DISTRIBUIDORA DE ALIMENTOS LTDA,02.611.870/0001-22,1,,,,,
DIAMAJU AGRICOLA LTDA,04.992.740/0001-02,1,,,,,
DICASA COMERCIO DE MATERIAIS DE CONSTRUCAO LTDA.,07.013.648/0001-41,1,,,,,
"DICLORINA INDUSTRIA, COMERCIO E PRESTACAO DE SERVICOS LTDA",05.919.869/0001-58,,,1,,,
DICON ATACADAO DE ALIMENTOS LTDA,37.218.268/0001-04,1,,,,,
DIFAL ALIMENTOS LTDA,77.751.238/0001-83,1,,,,,
DIFERENTE BRASIL LTDA,45.089.936/0001-79,,,1,,,
DILNOR - DISTRIBUICAO E LOGISTICA DO NORDESTE LTDA,04.054.534/0001-51,1,,,,,
DIMIX DISTRIBUIDORA DE UTILIDADES LTDA.,07.182.178/0001-40,1,,,,,
DINAMICA DISTRIBUIDORA - EIRELI,07.015.562/0001-58,1,,,,,
DINAMICA DISTRIBUIDORA LTDA,84.467.307/0001-97,,,1,,,
DINIL DISTRIBUIDORA NITEROI DE BATERIAS LTDA,31.909.708/0001-93,1,,,,,
DIPAM GAUCHA DISTRIBUIDORA LTDA,91.222.133/0001-68,1,,,,,
DIPRONTO DISTRIBUIDORA LTDA,17.002.382/0001-95,1,,,,,
DIRPAL DISTRIBUIDORA RIBEIRAO PRETO DE ACUMULAD LTDA,44.772.267/0001-72,1,,,,,
DISBAC DISTRIBUIDORA DE BATERIAS E COMPONENTES LTDA,24.680.779/0001-00,1,,,,,
DISBATE DISTRIBUIDORA SERGIPANA DE BATERIAS LTDA,15.600.000/0001-08,1,,,,,
"DISCRA - DISTRIBUIDORA, COMERCIAL E REPRESENTACOES LTDA.",65.592.933/0001-60,,1,,,,
DISDAL DISTRIBUIDORA DE ALIMENTOS LTDA,08.482.850/0001-85,1,,,,,
DISLAB COMERCIAL FARMACEUTICA LTDA EM RECUPERACAO JUDICIA,10.877.246/0001-08,,1,,,,
DISMAL DISTRIBUIDORA MARANHENSE DE ACUMULADORES LTDA,06.775.522/0001-41,1,,,,,
DISMOTOR COMERCIO DE MOTORES ELETRICOS LTDA,69.252.872/0001-43,1,,,,,
DISPPAN DISTRIBUIDORA DE PRODUTOS DE PANIFICACAO,09.144.287/0001-06,1,,,,,
DISTRIBUIDORA ADAUTO CARVALHO LTDA,08.072.649/0007-15,1,,,,,
DISTRIBUIDORA ALAGOANA DE BATERIAS E ACESSORIOS LTDA,12.520.599/0001-73,1,,,,,
DISTRIBUIDORA BRASILIENSE DE BATERIAS LIMITADA,00.650.069/0001-60,1,,,,,
DISTRIBUIDORA CAMPEAO INDUSTRIA E COMERCIO LTDA,04.920.643/0001-04,1,,,,,
DISTRIBUIDORA CATARINENSE DE ACUMULADORES LTDA,02.844.437/0001-37,1,,,,,
DISTRIBUIDORA COBATA,26.095.038/0001-89,1,,,,,
DISTRIBUIDORA DE ALIMENTOS DEQUECH LTDA,79.941.894/0001-74,1,,,,,
DISTRIBUIDORA DE ALIMENTOS FRANCISCO IKEDA LTDA,52.761.434/0004-50,1,,,,,
DISTRIBUIDORA DE ALIMENTOS GALDINO LTDA,08.208.024/0001-42,1,,,,,
DISTRIBUIDORA DE ALIMENTOS NACIONAL CARNES LTDA,11.697.339/0001-05,1,,,,,
DISTRIBUIDORA DE CEREAIS TIO LUIZ LTDA,07.750.620/0001-97,1,,,,,
DISTRIBUIDORA DE COSMETICOS ANTONETO EIRELI,10.984.107/0001-75,1,,,,,
DISTRIBUIDORA DE MEDICAMENTOS SANTA CRUZ LTDA,61.940.292/0001-37,,,,1,,
,61.940.292/0049-81,,5,,,,
DISTRIBUIDORA E LOGISTICA DE PERNAMBUCO IMPORTACAO E EXPORTA,05.429.222/0001-48,1,,,,,
DISTRIBUIDORA EQUADOR DE PRODUTOS DE PETROLEO S.A.,03.128.979/0007-61,,,,,1,1
DISTRIBUIDORA ESTRELA,12.147.968/0003-96,1,,,,,
DISTRIBUIDORA FREITAS LOPES LTDA,02.846.807/0001-75,1,,,,,
DISTRIBUIDORA GOMES LTDA,05.461.276/0001-90,1,,,,,
DISTRIBUIDORA IMPERATRIZ DE BATERIAS LTDA,45.937.632/0001-14,1,,,,,
DISTRIBUIDORA LATIFRIOS LTDA,05.425.979/0001-63,1,,,,,
DISTRIBUIDORA MAIA DE MATERIAL DE CONSTRUCAO LTDA,35.065.903/0001-35,1,,,,,
DISTRIBUIDORA MEDEIROS LTDA,08.474.030/0001-41,1,,,,,
,08.474.030/0002-22,1,,,,,
DISTRIBUIDORA PARAENSE DE BATERIAS E ACESSORIOS LTDA,04.742.466/0001-13,1,,,,,
DISTRIBUIDORA PIAUIENSE DE BATERIAS LTDA,06.731.632/0001-01,1,,,,,
DISTRIBUIDORA POPULAR DE ALIMENTOS LTDA,19.653.622/0001-47,1,,,,,
DISTRIBUIDORA QUALIMAX,05.320.902/0001-29,1,,,,,
DISTRIBUIDORA ROBERTO J.COUTO LTDA,04.837.641/0001-56,1,,,,,
DISTRIBUIDORA SOBRAL DE BATERIAS LTDA,46.791.494/0001-70,1,,,,,
DISTRIBUIDORA TOCANTINS COMERCIO E IMPORTACAO LTDA,04.387.240/0001-41,1,,,,,
DISTRIBUIDORA TOCANTINS DE BATERIAS LTDA,07.951.638/0001-57,1,,,,,
DISTRIBUIDORA TRES SERTOES LTDA,11.080.013/0001-34,1,,,,,
DISTRIBUIDORA UNIAO,07.507.706/0001-93,,,1,,,
DISTRILAF DISTRIBUIDORA DE MEDICAMENTOS LTDA,04.889.013/0001-14,1,,,,,
DISTRIMAX LTDA,39.392.246/0001-91,1,,,,,
DISTRIPACK DISTRIBUIDORA DE EMBALAGENS LTDA,11.043.375/0002-36,1,,,,,
DIVIACO FERRO E ACO LTDA,00.390.878/0001-80,1,,,,,
DNG TRANSPORTES LTDA,15.598.197/0001-80,,1,,,,
DOM JASON ATACADISTA DE PRODUTOS ALIMENTICIOS E BEBIDAS LTDA,24.407.713/0001-32,1,,,,,
DOMONTE TRANSPORTES LTDA,18.310.184/0001-51,1,,,,,
DORI ALIMENTOS S.A.,52.123.916/0028-52,1,,,,,
DOS SANTOS PRODUTOS ALIMENTICIOS EIRELI,35.574.905/0001-50,,,1,,,
Douglas Michels,00.073.695/5131-87,,,,,,1
DROGARIA NATHY FARMA LTDA,05.883.522/0001-00,,,1,,,
DROGARIA VILA RE LTDA,06.006.677/0001-13,,,1,,,
DSTAQ EMBALAGENS,25.174.304/0001-04,,,1,,,
Dti Sementes S.A.,22.755.760/0001-41,,,,,,1
Dual Duarte Albuquerque Comercio E Industria Ltda,24.542.953/0003-01,,,,,,1
DUNORTE DISTRIB DE PROD DE CONS LTDA,84.466.424/0001-36,1,,,,,
DURAFORT INDUSTRIA E COMERCIO LTDA,02.338.126/0001-04,,,1,,,
E. MENDES SERVICOS ADMINISTRATIVOS,22.440.462/0001-62,,,1,,,
E. R. S.  TRANSPORTES LTDA,05.813.343/0001-99,,,,,1,
EBANO DISTRIBUIDORA DE ALIMENTOS LTDA,06.327.055/0001-97,1,,,,,
EBAZAR.COM.BR. LTDA,03.007.331/0001-41,,,1,,,
EBD NORDESTE COMERCIO LTDA,22.924.203/0006-11,1,,,,,
ECO PLAST COMERCIO LTDA,20.161.464/0001-97,1,,,,,
ECOOSASCO AMBIENTAL S/A,09.294.054/0001-81,,,1,,,
ECOPEL DISTRIBUIDORA DE DESCARTAVEIS EIRELI,10.453.906/0001-15,1,,,,,
EDIVALDO BATISTA DOS SANTOS EMBALAGENS - EIRELI,03.624.188/0001-37,1,,,,,
EFX IMPORTACAO E EXPORTACAO EIRELI,15.874.695/0001-08,1,,,,,
E-JET TRANSPORTES E LOGISTICA,01.761.081/0001-05,1,,,,,
ELASTOBOR BORRACHAS E PLASTICOS LTDA,53.840.542/0002-10,,,1,,,
ELETRICA BAHIANA COMERCIO & IMPORTACAO DE MAT ELET LTDA,00.570.553/0001-80,1,,,,,
ELETRICA NOVA BAHIA COMERCIO DE MATERIAIS ELETRICOS LTDA,37.366.988/0001-17,1,,,,,
ELEVAGE,33.279.427/0001-20,,,1,,,
ELFA MEDICAMENTOS S.A.,09.053.134/0001-45,,1,,,,
Elfusa Geral De Eletrofusao Ltda,59.752.048/0001-07,,,,,,2
Emal Empresa De Mineracao Aripuana Ltda,44.026.037/0003-26,,,,,,2
EMBALAGEM CARIOCA,08.747.240/0001-66,,,1,,,
EMBALAR DISTRIBUIDORA DE EMBALAGENS EIRELI,10.347.424/0001-80,1,,,,,
EMBALE BEM,19.949.583/0001-20,,,1,,,
EMBALIMP DESCARTAVEIS E LIMPEZA EIRELI,10.509.801/0001-30,1,,,,,
"E-MOVING MOBILIDADE URBANA, INDUSTRIA E COMERCIO LTDA",22.102.480/0001-34,,,1,,,
EMPORIO MEGA 100 COMERCIO DE ALIMENTOS S.A.,22.914.613/0001-77,1,,,,,
EMPRESA BRASILEIRA DE BEBIDAS E ALIMENTOS S/A,07.604.556/0015-31,,1,,,,
EP ELETRICA LTDA,18.621.731/0001-10,1,,,,,
EPOCA COMERCIO E DISTRIBUICAO DE PROD ALIMENT E IND LTDA,08.450.457/0001-00,1,,,,,
,08.450.457/0002-90,1,,,,,
Equilibrio Fertilizantes Ltda,16.716.929/0001-51,,,,,,1
ERGOS DISTRIBUIDORA DE BEBIDAS LTDA,23.994.096/0001-56,1,,,,,
ESCRITORIO MATRIZ ULTRAGAZ,61.602.199/0001-12,,,1,,,
EVER GREEN INDUSTRIA E COMERCIO LTDA,57.688.657/0001-00,,1,,,,
EXPRESSO CAJAMAR SAO PAULO,44.718.179/0001-92,,,1,,,
EZY COLOR SAO PAULO PROTECAO E DECORACAO DE METAIS LTDA,19.362.207/0002-15,,,1,,,
F H DE OLIVEIRA PEIXOTO LTDA,15.809.486/0001-80,1,,,,,
F LOGISTICA LTDA,37.572.329/0001-37,1,,,,,
F P FACANHA COMERCIO DE ALIMENTOS LTDA,07.348.972/0001-10,1,,,,,
F. PEREIRA QUEIROZ COMERCIO E DISTRIBUICAO EIRELI,13.184.675/0001-80,1,,,,,
FABMED DISTRIBUIDORA HOSPITALAR LTDA,05.400.006/0001-70,1,,,,,
FAMA DISTRIBUICAO E LOGISTICA LTDA,06.029.901/0001-92,1,,,,,
FARMACIA ROVAL DE MANIPULACOES LTDA,24.138.372/0003-09,,,1,,,
FARMACIAS ERECHIM,02.521.066/0008-29,1,,,,,
FARMAX DISTRIBUIDORA S.A,47.291.565/0001-39,1,,,,,
FARMAX S.A.,21.759.758/0001-88,1,,,,,
FAVIFE EIRELI,12.470.347/0001-87,,,1,,,
Fazendão,00.000.000/0000-00,,,,,,1
FAZZIO MADEIRAS COMERCIAL LTDA,32.258.848/0001-01,,,1,,,
FEIRAO HOME CENTER,36.532.733/0001-14,1,,,,,
FEMAR IND E COM DE BEBIDAS EIRELI,05.778.252/0001-60,1,,,,,
FEMME - LABORATORIO DA MULHER,43.721.026/0001-31,,,1,,,
FENIX FOODS,17.257.812/0001-10,1,,,,,
FERNANDEZ SOCIEDADE ANONIMA INDUSTRIA DE PAPEL,43.468.701/0001-62,,,,1,,
FERROLESTE LTDA,01.972.480/0001-15,1,,,,,
FERRONORTE COMERCIO DE FERRAGENS LTDA,00.065.130/0001-02,1,,,,,
FERROS BONAMIGO,92.316.108/0001-06,,,1,,,
FERROS CASTRO,92.102.292/0001-91,,,1,,,
Fertilizantes Heringer S.A.,22.266.175/0013-11,,,,,,1
Fertitex Agro - Fertilizantes E Produtos Agropecuarios Ltda,74.649.138/0001-52,,,,,,2
FFRR DISTRIBUICAO LTDA,17.659.781/0001-23,,,1,,,
FIBERGLASS COLOMBIA S.A,00.000.000/0000-00,,,,1,,
FIEL,38.502.488/0001-28,1,,,,,
"FL BRASIL HOLDING, LOGISTICA E TRANSPORTE LTDA.",18.233.211/0024-26,,,1,,,
FLAMARSUL DISTRIBUIDORA LTDA,03.894.312/0001-84,1,,,,,
FLORA DISTRIBUIDORA DE PRODUTOS DE HIGIENE E LIMPEZA LTDA,08.505.736/0003-95,,,,1,,
FOCO TRANSPORTES LTDA,05.418.460/0001-58,1,,,,,
FOCUS DISTRIBUIDORA LTDA,10.960.053/0001-08,1,,,,,
FORCA TOTAL DISTRIBUIDORA DE GENEROS ALIMENTICIOS LTDA.,11.203.563/0001-01,1,,,,,
FORTALEZA DAS BATERIAS LTDA,06.599.443/0001-27,1,,,,,
FORTALEZA DE SANTA TERESINHA AGRICULTURA E PECUARIA S.A.,11.606.543/0001-73,1,,,,,
FORTALEZA DISTRIBUICAO E LOGISTICA LTDA,04.522.065/0001-58,1,,,,,
Fortepar Operacoes Portuarias Sa,46.737.411/0001-65,,,,,,1
FORTEX INDUSTRIA QUIMICA LTDA,35.092.238/0001-79,1,,,,,
FRANCO E COURA REPRESENTACOES LTDA,07.433.789/0001-13,1,,,,,
FRANGO DO GAUCHO,36.596.246/0001-15,,,1,,,
FRANGO NUTRIBEM LTDA.,05.107.871/0001-22,1,,,,,
FRANGO TAMBAU ABATEDOURO FRIGORIFICO INDUSTRIA COMERCIO LTDA,31.332.636/0001-64,1,,,,,
FREDINI ALIMENTOS LTDA,20.061.591/0001-14,1,,,,,
FREIOPECAS,22.661.482/0002-44,,,1,,,
FREZZE ALIMENTOS,32.345.292/0001-90,,,1,,,
FRIBEL COMERCIO DE ALIMENTOS LTDA,06.035.543/0001-20,1,,,,,
Fribon Transportes Ltda,10.280.806/0001-34,,,,,,1
FRIGODARIO COMERCIAL E LOGISTICA LTDA.,06.173.113/0002-56,1,,,,,
FRIGOL S.A.,68.067.446/0016-53,,,,1,,
FRIGORIFICO CRUZEIRO DO SUL EIRELI,15.841.346/0001-90,1,,,,,
FRIGORIFICO JOSE CARLOS WENSING LTDA.,00.822.488/0001-32,1,,,,,
FRIGORIFICO SAO JOAQUIM LTDA,07.946.019/0001-74,1,,,,,
FRIMESA COOPERATIVA CENTRAL,77.595.395/0002-28,,,,1,,
FRINSCAL - DISTRIBUIDORA E IMPORTADORA DE ALIMENTOS LTDA,03.504.437/0001-50,1,,,,,
FRIOBOM COMERCIO DE FRIOS E TRANSPORTES LTDA,03.866.526/0001-47,1,,,,,
FRIOCENTER - COMERCIO E TRANSPORTES LTDA,04.805.975/0001-48,1,,,,,
FRIOCENTER PESCADOS,08.829.450/0001-01,1,,,,,
FRIOLOG,49.576.466/0001-29,1,,,,,
FRIOZEM LOGISTICA LTDA,03.639.682/0001-75,,,1,,,
FRISACRE,14.290.696/0005-76,1,,,,,
FROSTY PRODUTOS ALIMENTICIOS LTDA,35.229.640/0001-52,1,,,,,
FRUT S INDUSTRIA E COMERCIO DE GELADOS DE ALAGOAS LTDA,08.511.719/0001-07,1,,,,,
FRUTAS DOCE MEL,01.778.112/0001-30,1,,,,,
FRUTT CENTER DISTRIBUIDORA DE POLPAS DE FRUTAS & FRIOS EIREL,01.836.288/0001-00,1,,,,,
FRUTTY REFRIGERANTES LTDA,25.376.211/0001-54,1,,,,,
FS INDUSTRIA DE BIOCOMBUSTIVEIS LTDA,20.003.699/0001-50,,,,1,,1
Fuga Couros Sa,91.302.349/0016-10,,,,,,1
FUTURA DISTRIBUIDORA DE ALIMENTOS LTDA,12.299.281/0001-04,1,,,,,
G M F COMERCIO E REPRESENTACOES LTDA,40.485.138/0001-42,1,,,,,
G O LIMA,04.587.911/0001-18,1,,,,,
G V DA SILVEIRA DISTRIBUIDORA DE ALIMENTOS LTDA,00.722.252/0001-24,1,,,,,
GABI COMERCIO E INDUSTRIA LTDA,04.908.869/0001-90,1,,,,,
GALLO BRASIL DISTRIBUICAO E COMERCIO LTDA,06.012.150/0001-00,,,,1,,
GAMMA DISTRIBUIDORA DE LUBRIFICANTES LTDA.,15.545.788/0001-99,,,1,,,
GARRA DISTRIBUIDOR DE BEBIDAS E ALIMENTOS LTDA,09.590.890/0001-03,1,,,,,
GASOMETRO DO VALE,50.763.606/0001-57,,,1,,,
GD7 DISTRIBUIDOR DE ALIMENTOS LTDA,08.978.365/0001-05,1,,,,,
GEHFER INDUSTRIAL LTDA,27.505.003/0001-33,,,1,,,
GELO MINERAL INDUSTRIA E COMERCIO LTDA,24.828.568/0001-63,1,,,,,
GEMF DISTRIBUIDORA DE ALIMENTOS LTDA,25.135.339/0001-26,1,,,,,
GENESIS INDUSTRIA E COMERCIO DE PRODUTOS QUIMICOS LTDA,53.542.841/0001-97,,,1,,,
GERDAU,07.358.761/0040-75,,1,,,,
GERDAU ACOS LONGOS S.A.,07.358.761/0038-50,,1,,,,
GIOCA INDUSTRIA E COMERCIO LTDA,86.552.429/0001-07,1,,,,,
GIROTRADE S/A,04.820.606/0001-24,,,,1,,
GLASS MEXICO,00.000.000/0000-00,,,,1,,
GLOBOAVES SAO PAULO AGROAVICOLA LTDA EM RECUPERACAO JUDICIAL EM RECUPERACAO JUDICIAL,07.580.512/0001-13,1,,,,,
GMAD AMERICANA COMERCIO DE MADEIRAS E FERRAGENS LTDA,44.479.620/0001-20,,,1,,,
GOIAS DISTRIBUIDORA DE ACUMULADORES LTDA,33.402.231/0001-80,1,,,,,
GOIASMINAS INDUSTRIA DE LATICINIOS LTDA,01.257.995/0001-33,,,,1,,
GONCALVES S A INDUSTRIA GRAFICA,61.070.744/0004-10,,1,,,,
GONCALVES SALLES S A INDUSTRIA E COMERCIO,61.365.557/0001-10,,1,,,,
GOOD BOM SUPERMERCADOS,56.794.852/0017-10,,,1,,,
GOTA D'AGUA,10.573.660/0001-15,,,1,,,
GP DISTRIBUIDORA DE PRODUTOS ALIMENTICIOS LTDA,10.881.686/0001-20,1,,,,,
GP EMBALAGENS LTDA,10.278.029/0001-93,1,,,,,
GRADAR PRODUTOS FARMACEUTICOS LTDA,12.806.626/0002-50,,,1,,,
GRAMOTOS COMERCIO DE MOTO PECAS EIRELI,84.640.580/0001-71,1,,,,,
GRANADO DISTRIBUIDORA,05.695.673/0001-27,,,1,,,
GRANJA BRASILIA AGROINDUSTRIAL AVICOLA LTDA,07.150.233/0010-00,1,,,,,
GRANJA FARIA S.A.,81.616.807/0001-55,,1,,,,
Granol Industria Comercio E Exportacao Sa,50.290.329/0001-02,,,,,,2
Granosul Comercial E Corretora De Graos Ltda,02.037.372/0001-18,,,,,,1
GRF DISTRIBUICAO LTDA,46.443.440/0001-14,,,1,,,
GRIFOS COMERCIO DE ALIMENTOS EIRELI,30.354.209/0001-14,1,,,,,
GRUPO BR,13.289.861/0001-83,,,1,,,
GRUPO EMPRESARIAL MAXIPAS,10.333.971/0001-07,,,1,,,
GRUPO FARTURA DE HORTFRUT S.A.,04.972.092/0001-22,,,,1,,
GRUPO MOAS,05.388.725/0001-12,,,1,,,
Grupo Webler,00.000.000/0000-00,,,,,,1
GT DISTRIBUIDORA DE AUTO PECAS LTDA,17.188.196/0003-54,1,,,,,
GT TRANSPORTES RODOVIARIOS,20.093.095/0001-42,,,1,,,
GUACU EMBALAGENS,13.186.075/0001-50,1,,,,,
GUARAVES GUARABIRA AVES LTDA,12.727.145/0006-82,1,,,,,
GUIMARAES FILHOS & CIA LTDA,04.885.728/0001-07,1,,,,,
GUJAO ALIMENTOS S/A,34.149.823/0004-48,1,,,,,
GURGELMIX MAQUINAS E FERRAMENTAS S.A.,29.302.348/0001-15,,,,1,,
GYNSOL DISTRIBUIDORA E LOGISTICA DE PRODUTOS ALIMENTICIOS LT,37.359.460/0001-10,1,,,,,
H2O PURIFICADORES DE AGUA,18.652.408/0001-03,,,1,,,
HAF DISTRIBUIDOR EIRELI,01.992.041/0001-74,1,,,,,
HAVAI ALIMENTOS E EMBALAGENS LTDA,24.892.291/0001-38,1,,,,,
HEALTH LOGISTICA HOSPITALAR S.A.,18.320.396/0001-10,,,1,1,,
HERCOSUL SOLUCOES EM TRANSPORTES LTDA,15.484.145/0001-82,,,,1,,
HERCOSUL SOLUCOES EM TRANSPORTES LTDA.,15.484.145/0001-82,,,1,,,
HERNANDES ACRE LTDA,12.996.556/0003-20,1,,,,,
,12.996.556/0005-92,1,,,,,
HERNANDES ATACADO E DISTRIBUICAO LTDA,12.996.556/0001-69,1,,,,,
Hidrovias Do Brasil - Vila Do Conde S.A.,13.574.672/0001-52,,,,,,1
Hidrovias Do Brasil Intermediacao E Agenciamento De Servicos,25.291.114/0001-69,,,,,,1
HIG PRIME - HIGIENIZACAO DE ESTOFADOS,29.345.087/0001-10,,,1,,,
HIPERPAN,10.213.780/0001-01,1,,,,,
HOLDI TRANSPORTES LD ME,10.319.331/0001-42,,,1,,,
HORECA BROKER,07.621.735/0001-81,,,1,,,
HORTENCIA DISTRIBUIDORA DE COSMETICOS EIRELI,07.659.117/0001-20,1,,,,,
HORTIGRAN DISTRIBUIDORA IMPORTACAO E EXPORTACAO LTDA - EPP,22.825.574/0001-31,1,,,,,
HOSTIN INDUSTRIA E COMERCIO DE ALIMENTOS LTDA,82.124.686/0001-97,1,,,,,
HS MOVERE TRANSPORTE E LOGISTICA LTDA.,15.626.485/0001-09,,,1,,,
HUAWEI DO BRASIL TELECOMUNICACOES LTDA,02.975.504/0004-03,,,1,,,
HUBER DISTRIBUIDORA DE ALIMENTOS LTDA,09.353.560/0001-02,1,,,,,
HYLA DO BRASIL DISTRIBUIDORA LTDA,26.959.706/0001-79,,,1,,,
IANE INDUSTRIA DE ALIMENTOS NORDESTE LTDA,01.446.719/0001-13,1,,,,,
IBIAPABA DISTRIBUIDORA DE ALIMENTOS LTDA,05.139.918/0001-30,1,,,,,
IBL LOGISTICA,03.558.055/0001-00,,,1,,,
ICE BOYS SERVICOS DE ENTREGA LTDA,30.312.931/0001-96,,,1,,,
ICOFORT - AGROINDUSTRIAL LTDA,02.952.466/0001-12,1,,,,,
ICONIC LUBRIFICANTES S.A.,05.524.572/0010-84,1,,,,,
IGL - IMPORTACAO E COMERCIO DE MATERIAIS DE CONSTRUCAO LTDA,20.450.277/0001-23,1,,,,,
IGLU COMERCIAL E IMPORTADORA LTDA,53.084.695/0001-01,1,,,,,
IGUATU DISTRIBUIDORA DE BATERIAS LTDA.,48.244.042/0001-02,1,,,,,
IMAC INDUSTRIA DE MASSAS CONGELADAS LTDA,03.523.769/0001-82,1,,,,,
IMBRAMIL INDUSTRIA E COMERCIO EIRELI,59.227.728/0001-01,1,,,,,
Imerys Do Brasil Comercio De Extracao De Minerios Ltda,61.327.904/0046-12,,,,,,1
IMIGRANTES MERCANTIL EIRELI,04.517.343/0001-89,,,1,,,
INBAHIA,02.553.328/0001-60,1,,,,,
INCOLAT INDUSTRIA E COMERCIO DE LATICINIOS LTDA,03.307.750/0001-07,1,,,,,
INDUSTRIA BANDEIRANTE EMBALAGENS E UTILIDADES PLASTICAS,31.527.824/0001-48,,,1,,,
INDUSTRIA DE ALIMENTOS EL-SHADAI S.A.,04.182.987/0001-63,1,,,,,
INDUSTRIA E COMERCIO DE MOVEIS HENN LTDA,85.355.592/0001-17,,,,1,,
INDUSTRIA METALURGICA SUL FLUMINENSE LTDA,11.701.126/0001-00,1,,,,,
INDUSTRIA ORIENTAL LTDA,03.522.858/0001-04,1,,,,,
INDÚSTRIA QUIMICA ANASTACIO SA,60.874.724/0004-39,,1,,,,
INDUSTRIAL E COMERCIAL ALMEIDA LTDA,02.623.537/0010-24,1,,,,,
INDUSTRIAS REUNIDAS RAYMUNDO DA FONTE SA,11.507.415/0001-72,1,,,,,
INDUSTRIAS UNIDAS SM LTDA,06.179.494/0001-08,1,,,,,
INGA - DISTRIBUIDORA LTDA,05.390.477/0002-25,1,,,,,
INGREDION BRASIL INGREDIENTES INDUSTRIAIS LTDA,01.730.520/0001-12,,,,,1,
,01.730.520/0002-01,,,,,,1
INOVE SOLUCOES EM RESIDUOS LTDA,12.065.201/0001-56,1,,,,,
Inpasa Agroindustrial S/A,29.316.596/0001-15,,,,,,1
INTEC-INTEGRAÇÃO NACIONAL DE TRANSPORTES ENCOMENDAS E CARGA,52.134.798/0015-63,,1,,,,
INTER EDUCATION,18.082.788/0002-79,1,,,,,
INTERBAHIA ACUMULADORES LTDA,05.697.301/0001-30,1,,,,,
,05.697.301/0002-10,1,,,,,
,05.697.301/0003-00,1,,,,,
INTERCEMENT BRASIL S.A.,00.000.000/0000-00,,,,,,1
,62.258.884/0001-36,,,,,1,2
INTERG COM. E  DISTRIB.  DE  ALIMENTOS  LTDA.,10.829.506/0001-61,,1,,,,
IPALOG LOGISTICA LTDA,47.856.613/0001-99,,,,1,,
,47.856.613/0002-70,,,1,,,
IPES INDUSTRIA DE PRODUTOS E EQUIPAMENTOS DE SOLDA LTDA,04.613.444/0001-53,,,,1,,
IPIRANLOG LOGISTICA LTDA.,16.454.855/0001-22,1,,,,,
IREZ E SIQUEIRA COMERCIO ATACADISTA DE CALCADOS LTDA,07.809.073/0001-78,1,,,,,
IRMAOS GONCALVES COMERCIO E INDUSTRIA LTDA.,04.082.624/0001-56,,,1,,,
IRMAOS KEHDI,25.628.819/0001-29,1,,,,,
IRMAOS MAIA DISTRIBUIDORA EIRELI,16.862.245/0001-68,1,,,,,
IRMAOS MELLO ESTOFADOS LTDA,09.407.178/0001-26,,,1,,,
ISAIAS M R JUNIOR,00.680.755/0002-65,1,,,,,
ISOPLAST INDUSTRIA E COMERCIO DE PLASTICOS LTDA,72.273.436/0001-65,1,,,,,
ITALUX,02.436.829/0001-67,1,,,,,
ITAQUERA DISTRIBUIDORA DE BATERIAS LTDA,49.402.436/0001-04,1,,,,,
ITATIAIA,25.331.521/0012-05,,,1,,,
ITAUNA QUIMICA LTDA,05.681.278/0001-95,1,,,,,
ITL - INTELIGENCIA EM TRANSPORTE E LOGISTICA LTDA,17.839.260/0001-58,,,1,,,
ITOGRASS,62.046.735/0008-80,,,1,,,
ITSSEG CORRETORA DE SEGUROS S.A.,20.247.332/0001-82,,,1,,,
J & J DISTRIBUIDORA IMP. E EXP. S.A,16.806.840/0001-86,1,,,,,
J A DISTRIBUIDORA LTDA,73.909.566/0001-04,1,,,,,
J D DE OLIVEIRA ARAUJO TRANSPORTES,04.512.292/0001-00,,1,,,,
J REIS AVICOLA LTDA,10.520.401/0001-26,1,,,,,
J SLEIMAN S.A. COMERCIO DE PRODUTOS DE HIGIENE E ALIMENTOS,07.216.054/0002-19,1,,,,,
J. ARAUJO DISTRIBUIDORA IMPORTACAO E EXPORTACAO S.A,08.365.731/0001-42,1,,,,,
J.R. FERRAGENS,71.095.897/0001-22,,,1,,,
JAE ILHA DESCARTAVEIS E LIMPEZA LTDA,04.220.523/0001-02,1,,,,,
JAMES L. H. TOME & CIA LTDA,16.965.024/0001-15,1,,,,,
Jbs S/A,02.916.265/0052-00,,,,,,1
JEP LAGOS DISTRIBUIDORA LTDA,41.159.176/0001-78,1,,,,,
JF ALIMENTOS SOLUCOES EM LOGISTICA EIRELI,24.233.305/0001-01,1,,,,,
JMA EXPRESS LOGISTICA E TRANSPORTE EIRELI,36.584.697/0001-32,,,1,,,
JOCAR BUTANTA,43.130.186/0005-30,,,1,,,
JOINVILLE DISTRIBUIDORA DE BATERIAS LTDA,40.107.324/0001-48,1,,,,,
JORDAO TRANSPORTES DE CARGA LTDA,36.153.935/0001-55,1,,,,,
JORGE BATISTA & CIA LTDA,07.222.185/0001-28,1,,,,,
,07.222.185/0009-85,1,,,,,
JOWANEL LOGISTICA EM TRANSPORTES LTDA,19.639.817/0001-32,,,1,,,
JPA DISTRIBUIDORA DE PECAS AUTOMOTIVAS LTDA,09.358.114/0001-82,1,,,,,
JR DISTRIBUIDORA,11.908.026/0001-59,1,,,,,
JR MADEIRAS COMERCIAL LTDA,29.412.870/0001-50,,,1,,,
JSB DISTRIBUIDORA LTDA,04.216.204/0001-15,1,,,,,
JUIZ DE FORA COMERCIO DE BATERIAS LTDA,31.062.069/0001-73,1,,,,,
JUND LOG TRANSPORTES E LOGISTICA,12.007.596/0001-30,,,1,,,
K L C COMERCIO DE PRODUTOS ALIMENTICIOS LTDA,11.456.302/0001-95,1,,,,,
"KALENA IMPORTACAO, EXPORTACAO E COMERCIO LTDA",10.293.200/0001-33,,,1,,,
KAPITAO AMERICA,00.496.983/0001-07,1,,,,,
KARNE KEIJO - LOGISTICA INTEGRADA LTDA,24.150.377/0001-95,1,,,,,
KARTER LUBRIFICANTES LTDA,04.238.156/0001-66,1,,,,,
KEIKO COLCHOES,15.159.184/0001-04,,,1,,,
KEPLER WEBER INDL S/A,87.288.940/0002-97,,,,1,,
KERO FRANGO,36.397.139/0001-68,1,,,,,
KGMLAN DISTRIBUIDORA LTDA,18.217.682/0001-54,1,,,,,
KLABIN S.A.,89.637.490/0174-63,,,,1,,
KLISCREEN COMERCIO E IMPORTACAO DE PRODUTOS SERIGRAFICOS EIR,14.806.094/0001-03,,,1,,,
KM CARGO MULTIMODAL E LOGISTICA LTDA.,05.342.379/0001-31,,,1,,,
KM SERRA EIRELI,26.155.079/0001-13,,1,,,,
KOPPERT DO BRASIL HOLDING S.A.,11.074.190/0001-08,,,1,,,
Kowalski Transportes E Serviços Ltda,95.825.006/0001-04,,,,,,1
KWS SEMENTES LTDA,03.946.067/0005-35,,,1,,,
L F S COMERCIO E IMPORTACAO DE ALIMENTOS LTDA,15.099.833/0001-29,1,,,,,
L J GONCALVES & CIA LTDA,10.781.284/0001-54,1,,,,,
L P GUIMARAES & SANTOS LTDA,01.745.941/0001-17,1,,,,,
L S M COMERCIO DE ALIMENTOS E NAVEGACAO LTDA,07.391.948/0001-64,1,,,,,
L.L.E. FERRAGENS LTDA.,05.953.543/0002-28,1,,,,,
L4B LOGISTICA LTDA.,24.217.653/0001-95,,,,1,,
Labet Exames Toxicologicos Ltda,11.506.512/0001-40,,,,,,1
"LACERDA E LACERDA COMERCIO, DISTRIBUICAO E IMPORTACAO DE ALI",11.179.185/0001-60,1,,,,,
LACTALIS COMERCIO E DISTRIBUICAO DE ALIMENTOS LTDA.,43.340.312/0010-48,,,,1,,
LACTICINIOS TIROL LTDA,83.011.247/0023-46,,,,1,,
LAMPADINHA,09.392.341/0001-24,1,,,,,
LATICINIO CANTO DE MINAS LTDA.,21.326.756/0001-03,1,,,,,
LATICINIOS BELA VISTA S/A,02.089.969/0001-06,,,,1,,
LATICINIOS ITA INDUSTRIA E COMERCIO DE ALIMENTOS LTDA,38.532.537/0006-80,1,,,,,
LAVANDERIA OFICINA DA ROUPA LTDA,16.667.505/0001-44,,,1,,,
LAVE PARK,04.634.645/0001-37,,,1,,,
LEMELOG,51.563.130/0001-73,,,1,,,
LEO MADEIRAS VARZEA GRANDE,09.007.432/0001-07,,,1,,,
"LEO MADEIRAS, MAQUINAS E FERRAGENS S.A.",61.069.373/0001-03,,,1,,,
LETSKUK COMERCIO DE ALIMENTOS EIRELI,33.865.204/0001-44,,,1,,,
LIDER COMERCIO DE ALIMENTOS LTDA,08.056.881/0001-74,1,,,,,
LIDER DISTRIBUIDORA DE BEBIDAS LTDA,03.074.354/0001-79,1,,,,,
LIDER MINAS INDUSTRIA E COMERCIO DE PRODUTOS ALIMENTICIOS S/,20.330.551/0001-20,1,,,,,
LIDER RIO DISTRIBUIDORA DE ALIMENTOS LTDA,33.118.584/0001-53,1,,,,,
LINARDI & ALMEIDA,12.571.937/0001-04,,,1,,,
LINS COMERCIAL DISTRIBUIDORA DE ALIMENTOS LTDA,40.796.153/0003-73,1,,,,,
"LM INDUSTRIA, COMERCIO, IMPORTACAO E EXPORTACAO LTDA",22.399.174/0001-01,1,,,,,
LOGISTICA SUMARE LTDA,01.734.015/0001-46,,,1,,,
LOGMIL TRANSPORTES LTDA,13.066.742/0001-61,1,,,,,
LOGSUP-LOGISTICA SUSTENTAVEL,09.490.398/0001-66,,,1,,,
LOJAO DUFERRO LTDA,02.019.761/0001-10,1,,,,,
LOJAS QUERO-QUERO S/A,96.418.264/0218-02,,,1,,,
LOJAS RIACHUELO SA,33.200.056/0001-49,,,,1,,
LOJAS SIMONETTI LTDA,31.743.818/0001-28,,,,1,,
Loreal,00.000.000/0000-00,,,,,,1
LORENZON & CIA LTDA,76.498.922/0001-32,,,1,,,
Louis Dreyfus Company Brasil S.A.,47.067.525/0081-92,,,,,,1
,47.067.525/0184-06,,,,,,1
,47.067.525/0204-86,,,,,,1
LOUIS DREYFUS COMPANY SUCOS S.A,00.831.373/0001-04,,,,,1,1
LR ACESSORIOS DE VESTUARIO LTDA,42.341.517/0001-94,,,1,,,
LUBE DISTRIBUIDORA LTDA,03.447.509/0001-75,1,,,,,
LUBRASIL LUBRIFICANTES LTDA,49.396.591/0001-57,,,1,,,
LUCASPAN COMERCIO DE PRODUTOS ALIMENTICIOS LTDA,15.572.203/0001-20,1,,,,,
LUFIR COMERCIO E REPRESENTACAO LTDA,00.307.402/0001-33,1,,,,,
LUMADE COMERCIAL E DISTRIBUIDORA S.A.,32.505.968/0001-66,1,,,,,
LUMIAR HEALTH BUILDERS EQUIPAMENTOS HOSPITALARES LTDA,05.652.247/0001-06,,,,1,,
LUMINACO,08.655.694/0001-07,1,,,,,
LUTINER DISTRIBUIDORA DE ALIMENTOS LTDA.,06.189.206/0001-98,1,,,,,
M N TERUYA COMERCIAL DE FERRAMENTAS LTDA,69.194.454/0001-47,,,1,,,
M.S.J DISTRIBUIDORA DE AUTO PECAS,06.935.863/0001-37,,,1,,,
MACAPA ALIMENTOS LTDA,05.624.886/0001-68,1,,,,,
MADEIRANIT PARTICIPACOES S/A,26.786.813/0001-42,,,1,,,
MAERSK BRASIL LTDA,30.259.220/0002-86,,,,1,,
MAERSK LOGISTICS & SERVICES BRASIL LTDA.,03.598.524/0001-14,,,,1,,
MAGALU LOG SERVICOS LOGISTICOS LTDA,24.230.747/0001-02,,,1,,,
MAGAZINE LUIZA S/A,47.960.950/0001-21,,,,1,,
,47.960.950/0449-27,,,1,,,
MAIS TRANSPORTES RODOVIARIO DE CARGAS LTDA,07.412.637/0001-34,,,1,,,
MALTE COMERCIO DE BEBIDAS LTDA,24.179.819/0001-26,1,,,,,
MAMMA GUSTO,07.215.500/0001-90,,,1,,,
MANETONI DISTRIBUIDORA DE PRODUTOS SIDERURGICOS IMPORTACAO E,49.795.800/0024-21,1,,,,,
MANTIQUEIRA ALIMENTOS LTDA.,04.747.794/0001-02,,,,1,,
MAR RIO INDUSTRIA E COMERCIO DE PRODUTOS ALIMENTICIOS LTDA,11.376.301/0001-30,1,,,,,
MARCELO TADEU PEREIRA PINTO,03.282.086/0001-80,,1,,,,
MARFRIG GLOBAL FOODS S.A.,03.853.896/0039-12,,,,1,,
,03.853.896/0041-37,,1,,,,
Marfrig S/A,00.000.000/0000-00,,,,,,1
MARIA GENI DISTRIBUIDORA DE ARTIGOS DE PAPELARIA LTDA,04.190.999/0001-30,1,,,,,
MARIN LOGISTICA E COMERCIO LTDA,04.002.562/0001-25,1,,,,,
MARISA LOJAS S.A.,61.189.288/0214-29,,,,1,,
MARKET DISTRIBUIDORA,11.624.355/0001-78,1,,,,,
MARKET DISTRIBUIDORA DE ALIMENTOS LTDA,07.755.810/0001-05,1,,,,,
MARONI,00.000.000/0000-00,,,,,1,
Mars (Tech Chapeco),00.000.000/0000-00,,,,,,1
MARSON COMERCIO E DISTRIBUICAO DE MATERIAIS DE CONSTRUCAO LT,07.247.209/0001-01,1,,,,,
Martini Meat S/A Armazens Gerais,00.000.000/0000-00,,,,,,1
,75.294.801/0001-06,,,,,,2
MARTINS & BRUCHMAM MARTINS LTDA,13.338.712/0001-67,1,,,,,
MARTINS & MARTINS NETO LTDA,13.338.773/0001-24,1,,,,,
MASCARENHAS & LINS DISTRIBUIDORA LTDA,17.191.761/0001-70,1,,,,,
MASTER ALUMINIO COMERCIAL LTDA,12.353.139/0001-06,1,,,,,
MASTER ATACADISTA DE MATERIAIS PARA CONSTRUCAO S/A,21.368.129/0001-27,1,,,,,
MASTER ATACADO E VAREJO DE ALIMENTOS E BEBIDAS LTDA,28.204.379/0001-70,1,,,,,
MASTERBOI LTDA.,03.721.769/0002-78,1,,,,,
MASTERCRIO TRANSPORTES LTDA,12.773.160/0001-52,,,,1,,
MASTERFOODS BRASIL ALIMENTOS LTDA,29.737.368/0034-87,,,,1,,
MASTIFLEX - INDUSTRIA DE SELANTES E MASSAS LTDA,15.080.217/0001-26,,,1,,,
MATERIAIS DE CONSTRUCAO MAFREI,00.829.352/0001-54,,,1,,,
MATTEL DO BRASIL LTDA,54.558.002/0011-00,,,,1,,
MAUAD ALIMENTOS LTDA,01.621.399/0001-90,,,1,,,
MAUER COMERCIO LTDA,08.423.370/0001-43,,,1,,,
MAURICEA ALIMENTOS DO NORDESTE LTDA,12.819.074/0005-67,1,,,,,
,12.819.074/0007-29,1,,,,,
,12.819.074/0012-96,1,,,,,
,12.819.074/0013-77,1,,,,,
MAXCLEAN COMERCIO SERVICOS IMPORTACAO E EXPORTACAO LTDA,03.449.625/0001-23,1,,,,,
MAYARA COMERCIO DE GENEROS ALIMENTICIOS LTDA,10.887.961/0001-13,1,,,,,
MEDEIROS & MEDEIROS DISTRIBUIDORA DE FRIOS LTDA,19.923.475/0001-88,1,,,,,
MEDITERRANEA DISTRIBUIDORA DE BEBIDAS LTDA - EM RECUPERACAO,04.811.902/0001-69,1,,,,,
MEGA BRASIL DISTRIBUIDORA DE GENEROS ALIMENTICIOS EIRELI,26.312.724/0001-64,1,,,,,
MEGA DISTRIBUIDORA,15.063.305/0001-10,1,,,,,
MEGA FIOS LTDA,07.127.994/0001-50,1,,,,,
MEGA MUNDO TRANSPORTES,18.713.751/0001-10,,,1,,,
MEGALABS FARMACÊUTICA S.A.,33.026.055/0001-20,,1,,,,
MEGGA DISTRIBUIDORA LTDA,07.488.144/0001-88,1,,,,,
MEIWA INDUSTRIA E COMERCIO LTDA,55.078.307/0001-05,,,1,,,
MELO PET SHOP - COMERCIO DE RACOES LTDA,09.439.591/0001-72,1,,,,,
MEP TRANSPORTES EIRELI,05.388.824/0001-02,,1,,,,
MERCADO DO SABOR COMERCIO DE ALIMENTOS LTDA,03.623.218/0002-71,1,,,,,
MERCANTE & ROFE DISTRIBUIDORA LTDA,35.428.312/0001-85,1,,,,,
MERCANTE DIST DE MATERIALS ELET DE CONSTRUCAO LTDA,96.755.848/0001-08,1,,,,,
MERCANTIL MINEIRA LOGISTICA LTDA,07.629.589/0002-11,1,,,,,
MERCONORTE DISTRIBUIDORA DE FERRAGENS EIRELI,10.779.165/0001-67,1,,,,,
MERCURIO ALIMENTOS S/A,11.831.785/0001-60,1,,,,,
,11.831.785/0002-41,1,,,,,
MERVIL - MERCANTIL VIEIRA LTDA,04.928.281/0001-06,1,,,,,
Metalcore Industria E Comercio De Metais Spe S/A,16.774.816/0001-02,,,,,,1
METALURGICA BARRA DO PIRAI S/A,28.566.933/0001-60,,,,1,,
METALURGICA MACHADO,53.801.205/0001-32,,,1,,,
METRAPACK FILMES TECNICOS COMERCIO IMPORTACAO E EXPORTACAO L,03.817.291/0001-01,,,1,,,
MEX SORVETES,20.925.643/0001-53,1,,,,,
Mexichem Brasil Industria De Transformacao Plastica Ltda,58.514.928/0001-74,,,,,1,
,58.514.928/0033-51,,,,,,1
MF TRANSPORTE LOGISTICA LTDA,08.800.073/0001-70,1,,,,,
MGL DISTRIBUIDORA AUTOMOTIVE EIRELI,21.127.843/0002-04,1,,,,,
MIKA DA AMAZONIA,26.564.534/0002-15,1,,,,,
MILBRASIL COMERCIO DE ALIMENTOS LTDA.,10.961.551/0001-75,,,1,,,
MILLAR IMPORTACAO E EXPORTACAO LTDA,04.331.164/0001-52,1,,,,,
Mineracao Curimbaba Ltda,23.640.204/0093-00,,,,,,2
MINERVA S.A.,67.620.377/0001-14,,,,1,,
MISTERMIX DISTRIBUIDORA DE PRODUTOS ALIMENTCIOS LTDA,01.791.701/0001-59,1,,,,,
MIX ALIMENTOS LTDA,05.922.500/0001-02,1,,,,,
MIX TRANSPORTES LTDA,34.133.740/0001-18,1,,,,,
MOBYAN,04.184.712/0002-40,,,1,,,
MOINHO ARAPONGAS S/A,76.125.244/0001-62,1,,,,,
MOINHO PAULISTA SA,33.390.527/0003-90,1,,,,,
Mondelez (Tech Chapecó),00.000.000/0000-00,,,,,,1
MONDELEZ BRASIL LTDA,33.033.028/0001-84,,,,1,,
MOSAIC FERTILIZANTES DO BRASIL LTDA.,61.156.501/0001-56,,,,,1,2
Mosaic Fertilizantes P K Ltda,33.931.486/0014-55,,,,,,3
MOTZ TRANSPORTES LTDA,35.825.580/0001-30,,,,,1,
MOVEIS SAO CARLOS LTDA,40.887.838/0001-63,1,,,,,
MR. COOK PRODUTOS ALIMENTICIOS,11.307.773/0001-31,,,1,,,
MRS LOGISTICA S/A,00.000.000/0000-00,,,,,,1
MSIM DISTRIBUIDORA DE MATERIAIS DE CONSTRUCAO LTDA,08.989.831/0001-40,1,,,,,
MTC ATACAREJO - EIRELI,23.655.584/0001-39,1,,,,,
MUGOLOG TRANSPORTES E LOGISTICA,35.231.583/0001-46,,,1,,,
MUKA TRANSPORTES E MUDANCAS,27.938.375/0001-53,,,1,,,
MULTIAVE LTDA,01.320.430/0001-53,1,,,,,
MULTICANAL ATACADO LTDA,29.460.170/0001-30,1,,,,,
Multilog Comercio E Transportes Ltda,12.065.639/0008-00,,,,,,1
MULTIPEL COMERCIO LTDA,10.625.806/0001-29,1,,,,,
Multitrans (Com ERP),00.000.000/0000-00,,,,,,1
MULTVENDAS DISTRIBUICAO E REPRESENTACAO LTDA,11.032.895/0002-43,1,,,,,
MUNDIAL CENTER ATACADISTA S/A,01.713.958/0003-54,1,,,,,
MUNDO DOS FERROS,07.852.534/0001-95,1,,,,,
MURICI & BRITO COMÉRCIO ATACADISTA LTDA,24.074.229/0001-39,1,,,,,
MYSHOP,11.156.936/0001-22,,,1,,,
N. N. PESSOA COMERCIO DE PRODUTOS PARA ANIMAIS LTDA,35.536.630/0001-60,1,,,,,
NATURAL ONE S.A.,08.192.116/0003-43,,,,1,,
NEO BRAS INDUSTRIA E COMERCIO DE FITAS E ETIQUETAS AUTOADESIVAS LTDA,30.166.012/0001-51,,,1,,,
NEO DISTRIBUIDORA,15.062.993/0001-01,1,,,,,
NEPPE MATERIAIS ELETRICOS LTDA,69.308.286/0001-73,,,1,,,
NESTLE BRASIL LTDA.,60.409.075/0446-05,,,,1,,
NESTLE NORDESTE ALIMENTOS E BEBIDAS LTDA,08.334.818/0005-86,,,,1,,
Nestle Nordeste Alimentos E Bebidas Ltda.,08.334.818/0004-03,,,,,,1
NEWFIX,04.024.914/0001-43,,,1,,,
NEXA RECURSOS MINERAIS S.A.,42.416.651/0001-07,,1,,,,
,42.416.651/0008-83,,1,,,,
NG DISTRIBUIDORA DE ALIMENTOS LTDA,13.571.464/0001-08,1,,,,,
NILO MAIA DISTRIBUIDORA,35.065.903/0011-07,1,,,,,
NILO MAIA DISTRIBUIDORA LTDA,35.065.903/0006-40,1,,,,,
,35.065.903/0007-20,1,,,,,
,35.065.903/0009-92,1,,,,,
,35.065.903/0012-98,1,,,,,
NOBREDO COMERCIO E LOGISTICA LTDA,21.074.121/0001-58,1,,,,,
NORAC DO BRASIL,12.695.141/0001-55,1,,,,,
NORDECE - NORDESTE REPRESENTACAO E DISTRIBUICAO LTDA,03.777.995/0001-90,1,,,,,
NORDIL-NORDESTE DISTRIBUICAO E LOGISTICA LTDA,03.775.813/0001-41,1,,,,,
,03.775.813/0002-22,1,,,,,
NORSA REFRIGERANTES S.A,07.196.033/0037-09,,,,1,,
NORTE DISTRIBUIDORA DE ACUMULADORES E ACSSORIOS LTDA,05.488.143/0001-08,1,,,,,
NORTE DISTRIBUIDORA DE UTILIDADES DOMESTICAS LTDA,26.935.422/0001-42,1,,,,,
NOVA AMAZONAS INDUSTRIA E COMERCIO IMPORT DE ALIME LTDA,37.259.223/0001-88,1,,,,,
NOVA CASA DIST DE MAT PARA CONST LTDA - ME,74.200.403/0002-00,1,,,,,
NOVA IGUACU COMERCIO DE BATERIAS LTDA,23.770.053/0001-97,1,,,,,
NOVA MEGA G ATACADISTA DE ALIMENTOS S.A.,19.043.440/0002-35,1,,,,,
NOVA SAFRA,30.833.292/0001-04,,,1,,,
NOVAPOL PLÁSTICOS LTDA.,07.600.033/0001-11,,1,,,,
NRD ATACADO E DISTRIBUICAO LTDA,42.656.583/0001-53,1,,,,,
NUTRANE NUTRICAO ANIMAL LTDA,04.591.114/0001-04,1,,,,,
NUTRIAVE ALIMENTOS LTDA,27.250.737/0001-19,1,,,,,
NUTRICAR BRASIL COMERCIO DE PRODUTOS ALIMENTICIOS S.A.,21.590.391/0001-11,,,1,,,
NUTRIENTE PRODUTOS E SERVICOS FARMACEUTICOS LTDA,01.017.671/0001-28,,1,,,,
NUTRIPLAN - MATRIZ,78.575.511/0001-29,1,,,,,
NUTRISUL AS PRODUTOS ALIMENTICIOS,80.972.078/0001-07,,,,1,,
O BARATAO DAS EMBALAGENS,08.291.637/0003-58,1,,,,,
O BOTICARIO,05.290.642/0012-49,,,1,,,
OCIDENTAL COMERCIO DE FRIOS LTDA,02.805.138/0001-93,1,,,,,
OESA COMERCIO E REPRESENTACOES S/A,81.611.931/0001-28,,,,1,,
,81.611.931/0050-06,1,,,,,
OKAJIMA DISTRIBUICAO E COMERCIO LTDA,05.958.411/0001-08,1,,,,,
Oleoplan S.A. Oleos Vegetais Planalto,88.676.127/0022-09,,,,,,1
OLFAR S/A - ALIMENTO E ENERGIA,91.830.836/0001-79,,,,1,,1
OLINDA DISTRIBUIDORA E COMERCIO DE ALIMENTOS LTDA,02.164.629/0001-00,1,,,,,
OLIVEIRA & NOBRE COMERCIO E IMPORTACAO LTDA,07.037.124/0001-90,1,,,,,
OLIVEIRA HORA COMERCIO LTDA,08.943.212/0001-14,1,,,,,
OLYRA MARKETING SINESTESICO,17.893.540/0001-44,,,1,,,
ONIX,19.027.511/0001-25,,,1,,,
Onno Logistica Ltda.,26.756.350/0002-57,,,,,,1
OPCAO DISTRIBUIDORA DE ALIMENTOS E BEBIDAS LTDA,04.763.524/0001-95,1,,,,,
OPEN TECH SISTEMAS DE GERENCIAMENTO DE RISCOS LTDA,04.368.185/0001-42,,1,,,,
OPEN TECH SISTEMAS DE GERENCIAMENTO DE RISCOS LTDA.,04.368.185/0001-42,,,,1,,1
OPERGEL COMERCIAL E INDUSTRIAL DE PRODUTOS ALIMENTICIOS LTDA,03.083.916/0001-40,,,,1,,
OPUS 1 ENGENHARIA LTDA,08.430.388/0001-72,,,1,,,
OSASCO COMERCIO DE BATERIAS LTDA,42.513.052/0001-01,1,,,,,
OTD BRASIL LOGISTICA S/A,07.579.025/0001-30,,,,,1,
OUTLET DA CONSTRUCAO LTDA,04.816.736/0001-93,1,,,,,
OXITENO S A INDUSTRIA E COMERCIO,62.545.686/0001-53,,1,,,,
P & CAVALOTTI TRANSPORTES E SERVICOS LTDA,42.598.418/0001-92,,,1,,,
P & P DISTRIBUIDORA LTDA.,01.831.532/0001-33,1,,,,,
P G NET,05.230.367/0001-15,1,,,,,
P M C MATERIAIS DE CONSTRUCOES LTDA,08.172.366/0001-50,1,,,,,
P.S.G - INDUSTRIA & COMERCIO LIMITADA,30.038.366/0003-82,1,,,,,
P.W.J. TRANSPORTES LTDA,37.930.818/0001-13,1,,,,,
PADARIA DOS BEBES,26.934.432/0001-63,,,1,,,
PADEIRAO COMERCIO DE PRODUTOS PARA PANIFICACAO LTDA,03.042.263/0001-51,1,,,,,
PALACIO DAS BATERIAS LTDA,10.571.149/0001-84,1,,,,,
PANCRISTAL LTDA,12.815.437/0001-62,1,,,,,
"PAPEL, PLASTICO ITUPEVA LTDA",13.254.314/0001-62,1,,,,,
PARAGOMINAS HOME CENTER,03.555.402/0001-40,1,,,,,
PARAÍBA DISTRIBUIDORA DE BATERIAS LTDA,23.588.451/0001-97,1,,,,,
PARAIBA PLAST COMERCIAL LTDA,22.967.449/0001-66,1,,,,,
PARAMOUNT INDUSTRIA E COMERCIO DE PLASTICOS LTDA,05.588.978/0001-30,,,1,,,
PARATI INDUSTRIA E COMERCIO DE ALIMENTOS LTDA,82.945.932/0001-71,,,,1,,
PARATY ATACADO E DISTRIBUIDORA LTDA,05.476.815/0001-65,1,,,,,
PARDAL INDUSTRIA E COMERCIO DE SORVETES LTDA,06.347.069/0001-72,1,,,,,
PAROLAR,26.361.858/0001-75,,,1,,,
PASTIFÍCIO SELMI S/A,46.025.722/0001-00,,1,,,,1
Pátio Carvalho (Rota Certa),00.000.000/0000-00,,,,,,1
PAULISTA SUINOS,26.104.846/0001-65,1,,,,,
Pb Truck Center Servicos Spe Ltda,45.203.920/0001-45,,,,,,1
PDV DISTRIBUIDORA,15.511.687/0001-05,1,,,,,
PDV MINAS,40.390.077/0001-30,1,,,,,
PEIXES MEGG'S PESCADOS LTDA,07.842.945/0001-08,,,1,,,
"PENA DISTRIBUIDORA, IMPORTACAO E EXPORTACAO LTDA",08.729.141/0001-51,1,,,,,
PENAFORTE COMERCIO E DISTRIBUICAO DE ALIMENTOS LTDA,12.848.171/0001-54,1,,,,,
PEPA TRANSPORTES LTDA,33.411.516/0001-88,1,,,,,
PERERE PECAS MOTOCICLO LTDA,14.078.273/0001-63,1,,,,,
PERNAMBUCO COMERCIO DE POLPAS LTDA - ME,08.690.652/0001-07,1,,,,,
PERTE DISTRIBUIDORA DE ALIMENTOS LTDA,04.949.306/0001-40,1,,,,,
"PET FOOD SOLUTION INDUSTRIA, COMERCIO, IMPORTACAO, EXPORTACA",10.512.126/0001-07,,1,,,,
"PET FOOD SOLUTION INDUSTRIA, COMERCIO, IMPORTACAO, EXPORTACAO DE PRODUTOS E ARTIGOS PARA ANIMAIS LTD",10.512.126/0001-07,,,1,,,
PET HOME SOLUTION,05.528.017/0001-30,,,1,,,
PET LINE COMERCIO ATACADISTA DE PRODUTOS VETERINARIOS LTDA,05.382.404/0001-00,1,,,,,
PET MAIS,45.375.088/0001-64,1,,,,,
PETITE FLEUR PATISSERIE,16.602.255/0001-64,,,1,,,
PHARMACIA ARTESANAL LTDA,53.440.939/0006-48,,1,,,,
PHARMAPLUS LTDA,03.817.043/0001-52,,1,,,,
"PHD DISTRIBUIDORA E COMERCIO DE CONSUMO, MEDICAMENTOS E MERC",19.421.102/0001-09,1,,,,,
PINHEIRAL MATERIAIS PARA CONSTRUCAO LTDA,49.024.557/0001-51,1,,,,,
PISOLAR COMERCIO DE TINTAS LTDA,32.868.002/0001-93,1,,,,,
PLANALTO OVOS LTDA,29.776.353/0001-60,1,,,,,
PLANETA NATURAL EIRELI,03.427.129/0001-79,1,,,,,
"PLATLOG IMPORTACAO, LOGISTICA E DISTRIBUICAO LTDA",02.229.804/0001-92,,,,1,,
PLAYVENDER DO BRASIL S/A,05.762.204/0001-83,1,,,,,
PNEUBRAS COMERCIO DE PNEUS LTDA,08.678.386/0001-05,1,,,,,
POCOS DE CALDAS COMERCIO DE BATERIAS LTDA.,37.164.003/0001-70,1,,,,,
POLI LOGISTICA LTDA,04.423.462/0001-72,1,,,,,
POLICO COMERCIAL DE ALIMENTOS LTDA,05.426.493/0001-40,1,,,,,
POLYBALAS DISTRIBUIDORA E LOGISTICA LTDA,00.909.327/0002-61,1,,,,,
Porto Brasil Costa Combustiveis Ltda,12.806.215/0001-83,,,,,,1
PORTO VELHO DISTRIBUIDOR DE BATERIAS LTDA,15.779.723/0001-08,1,,,,,
Potencial Biodiesel Ltda,12.613.484/0001-23,,,,,,1
PR COMERCIO E DISTRIBUIDORA DE ALIMENTOS LTDA,13.102.931/0001-42,1,,,,,
PRADO TRANSPORTES RODOVIARIOS LTDA,33.031.922/0001-15,1,,,,,
PRASO PLATAFORMA DE COMERCIO LTDA.,42.434.646/0001-27,1,,,,,
PRATA FORTE COMERCIO E DISTRIBUICAO LTDA,02.770.621/0001-80,1,,,,,
PRATICMIX HORTIFRUTI PROCESSADOS E HIGIENIZADOS LTDA,23.217.288/0001-56,,,1,,,
PRAZERES DROGARIA,27.514.361/0001-02,,,1,,,
PRESIDENTE PRUDENTE COMERCIO DE BATERIAS LTDA,29.478.894/0001-01,1,,,,,
PRESS KIT CRIATIVO COMERCIO DE BRINDES LTDA,33.270.910/0001-43,,,1,,,
PROFARMA DISTRIBUIDORA DE PRODUTOS FARMACEUTICOS SA,45.453.214/0001-51,,1,,,,
PROJECTA MATERIAL DE CONSTRUCAO LTDA,12.681.144/0001-30,1,,,,,
PRONTO EXPRESS LOGISTICA SA,03.867.580/0001-07,,,1,,,
PVN AGENCIAMENTO DE TRANSPORTE EIRELI,12.270.745/0001-50,,1,,,,
QUALIMAIS DISTRIBUIDORA E COMERCIO DE BEBIDAS LTDA,09.506.555/0001-84,,,1,,,
QUALITY INDUSTRIA DE ALIMENTOS LTDA,08.906.799/0001-91,1,,,,,
QUASAR TRANSPORTE E LOGISTICA LTDA,02.317.708/0001-04,,1,,,,
QUELUZ LOGISTICA LTDA,11.032.428/0001-32,1,,,,,
QUICK DELIVERY BRASILIA ENTREGAS RAPIDAS DE ENCOMENDAS LTDA,08.296.144/0001-49,,1,,,,
QUIMICA AMPARO LTDA,43.461.789/0001-90,,,,1,,
R. P. S. RAMOS & CIA LTDA,08.492.299/0001-50,1,,,,,
RACOES MAURICEA,12.819.074/0002-14,1,,,,,
RAIZEN S.A.,33.453.598/0001-23,,,,1,,
RALLU COFFEE,09.294.917/0001-10,,,1,,,
"RALLY MOTOS DISTRIBUIDORA, IMPORTADORA E TRANSPORTADORA DE P",09.262.859/0001-43,1,,,,,
RAMACON DISTRIBUIDORA DE MATERIAL PARA CONSTRUCAO EIRELI,05.065.496/0001-03,1,,,,,
RAMOS E VEIGA COMERCIAL LTDA,09.304.378/0001-53,1,,,,,
REAL DISTRIBUICAO E LOGISTICA LTDA,17.110.756/0001-96,1,,,,,
REAL EQUIPAMENTOS,03.025.155/0001-70,,,1,,,
REALCARNES,10.436.655/0001-60,1,,,,,
REALPET COMERCIO ATACADISTA DE PRODUTOS VETERINARIOS LTDA,02.241.071/0001-01,1,,,,,
RECIFE DOCES E CARAMELOS LTDA - EPP,02.678.694/0002-27,1,,,,,
RECKITT BENCKISER,59.557.124/0001-15,,,,1,,
RED BULL DO BRASIL LTDA,02.946.761/0001-66,,,,1,,
REDE INTEGRADA DE LOJAS DE CONVENIENCIA E PROXIMIDADE S.A.,26.563.652/0001-28,,,1,,,
REFORMA RAPIDA,43.449.469/0001-15,1,,,,,
REICAP REFORMADORA DE PNEUS,30.754.413/0001-22,,,1,,,
REMA DISTRIBUIDORA E REPRESENTACOES DE PRODUTOS LACTEOS LTDA,03.369.186/0001-49,1,,,,,
"RFG COMERCIO, TRANSPORTES E SERVICOES LTDA.",49.319.411/0001-33,,,,1,,
RFG FOOD SERVICE LTDA.,59.568.428/0001-88,,,,1,,
RGM TRANSPORTES LTDA,04.868.769/0001-87,1,,,,,
RHAMOS & BRITO,01.746.185/0001-40,,,1,,,
RIBERFOODS PRODUTOS ALIMENTICIOS LTDA,10.975.945/0002-63,1,,,,,
RICH DO BRASIL LTDA,01.879.814/0001-00,,,1,,,
Rio Branco Alimentos S/A,05.017.780/0004-49,,,,,,1
,05.017.780/0026-54,,,,,,1
,05.017.780/0027-35,,,,,,1
RIO BRANCO DERIVADOS DE PETROLEO LTDA,64.277.247/0001-32,,1,,,,
RIO COLOR DISTRIBUIDORA DE MATERIAIS DE CONSTRUCAO LTDA,09.093.084/0001-20,1,,,,,
RIO MIX INDUSTRIA E COMERCIO DE BEBIDAS LTDA,07.603.478/0001-55,,,1,,,
RIO QUALITY COMERCIO DE ALIMENTOS LTDA,08.969.770/0001-59,1,,,,,
RIO VERMELHO DISTRIBUICAO DE ALIMENTOS LTDA,10.912.900/0001-69,1,,,,,
RIOFRIO MAIS ALIMENTOS IMPORTACAO LTDA,27.538.635/0001-01,1,,,,,
RIVER REFRIGERANTES EIRELI,07.046.865/0001-38,1,,,,,
RJ ALIMENTOS,08.960.738/0001-02,1,,,,,
RM - REDE MOURA PARTICIPACOES S.A.,01.098.290/0001-10,1,,,,,
RODMASTER COMERCIO DE BATERIAS LTDA,87.960.639/0001-05,1,,,,,
RODOLUKI LOGISTICA E TRANSPORTES LTDA,06.136.007/0001-11,,,1,,,
RODONAVES TRANSPORTES E ENCOMENDAS LTDA,44.914.992/0001-38,,,1,,,
RODOVICO,00.000.000/0000-00,,,,,1,
RODRIGUES COLCHOES,41.032.961/0001-65,,,1,,,
Roma Truck Center Ltda,02.499.715/0003-28,,,,,,1
ROMLOG LTDA,44.614.701/0001-96,1,,,,,
ROMMAC DISTRIBUIDORA LTDA,65.480.576/0001-49,1,,,,,
RONDOLOG TRANSPORTES LTDA,17.915.300/0001-01,,1,,,,
Rota Certa - Servicos E Logistica Ltda,33.313.237/0001-81,,,,,,1
Rota Certa Agro Logistica Ltda,08.432.989/0001-14,,,,,,1
Rota Parking - Servico E Logistica Ltda,43.698.978/0001-81,,,,,,1
ROYAL CANIN DISTRIBUIDORA LTDA,48.284.579/0001-98,,,1,,,
Rs Servicos Ltda,16.891.862/0001-91,,,,,,1
Rumo Malha Norte S.A,24.962.466/0016-12,,,,,,1
S V INSTALACOES LTDA,84.089.358/0001-22,1,,,,,
S.PESSOA DISTRIBUIDOR IMPORT.E EXPORT.LTDA.,04.823.214/0001-19,1,,,,,
SAETA INDUSTRIA E COMERCIO ELETROELETRONICO LTDA,00.103.788/0006-76,1,,,,,
SAINT GOBAIN WEBER CHILE S.A.,00.000.000/0000-00,,,,1,,
SAINT-GOBAIN CANALIZACAO LTDA,28.672.087/0001-62,,,,1,,
SAINT-GOBAIN DISTRIBUICAO BRASIL LTDA,03.840.986/0010-97,,,,2,,
SAINT-GOBAIN DO BRASIL PRODUTOS INDUSTRIAIS E PARA CONSTRUCA,61.064.838/0034-00,,,,1,,
,61.064.838/0093-51,,,,1,,
,61.064.838/0157-50,,,,1,,
,61.064.838/0165-60,,,,1,,
SAINT-GOBAIN PRODUCTOS PARA LA CONSTRUCCION S.A.C,00.000.000/0000-00,,,,1,,
SALCAS INSTRUMENTACAO E CONTROLE LTDA.,23.999.076/0001-78,,,1,,,
SAMAVI DISTRIBUICAO,33.798.646/0001-15,1,,,,,
SANA DISTRIBUIDORA DE PECAS E LUBRIFICANTES LTDA,05.952.462/0001-22,1,,,,,
"SANSITE COMERCIO ATACADISTA DE PRODUTOS DE HIGIENE, PAPEL",09.183.739/0001-50,1,,,,,
SANTA MARIA DISTRIBUIDORA DE BATERIAS LTDA,22.506.732/0001-90,1,,,,,
,22.506.732/0002-71,1,,,,,
SANTA MARTA DISTRIBUIDORA E TRANSPORTES DE CARGAS LTDA.,03.267.120/0001-48,1,,,,,
Santa Vitoria Acucar E Alcool Ltda,07.981.751/0001-85,,,,,,1
SANTISTA DISTRIBUICOES LTDA,02.402.578/0001-08,1,,,,,
SANTOS DISTRIBUIDOR E COMERCIO LTDA,08.626.008/0001-70,1,,,,,
SANTOS DISTRIBUIDORA DE BATERIAS LTDA,43.347.545/0001-81,1,,,,,
SAO CARLOS DISTRIBUIDORA DE BATERIAS LTDA,53.116.073/0001-00,1,,,,,
"SAO FRANCISCO IND., IMP., EXP. DE ALIMENTOS, ARTIGOS E ACESS",05.528.017/0001-30,,1,,,,
SAO GABRIEL TRANSPORTES EIRELI - ME,15.488.297/0012-06,,1,,,,
SAO SALVADOR ALIMENTOS S/A,03.387.396/0001-60,,,,1,,
SARA TRANSPORTES E SERVICOS LTDA,08.608.585/0001-39,1,,,,,
SATELITE COMERCIO DE ALIMENTOS,32.069.228/0001-24,1,,,,,
SAUBER SYSTEM INDUSTRIA E COMERCIO,11.957.365/0001-25,,,1,,,
SAUDE CARE GERENCIAMENTO DE INFRAESTRUTURA E ASSISTENCIA A SAUDE EIRELI,05.094.642/0001-10,,,1,,,
Schaefer & Commerce Logistica Ltda,45.544.609/0007-55,,,,,,1
SEARA ALIMENTOS LTDA,02.914.460/0327-88,,,,,,1
,02.914.460/0381-23,,1,,,,
SE-DISTRIBUIDORA DE ALIMENTOS LTDA,06.189.300/0001-47,1,,,,,
SEGALAS ALIMENTOS LTDA.,01.333.984/0002-76,1,,,,,
SELLPACK DISTRIBUIDORA LTDA,07.747.107/0002-28,1,,,,,
SEMALO INDUSTRIA E COMERCIO DE ALIMENTOS,36.804.268/0001-23,1,,,,,
SENDAS DISTRIBUIDORA S/A,06.057.223/0305-93,,,,1,,1
SENIR TRANSPORTES,46.706.335/0001-20,,,1,,,
SERQUIP TRATAMENTOS RESIDUOS AL LTDA,06.121.325/0001-09,,,1,,,
SERRANA DISTRIBUIDORA DE BEBIDAS LTDA,41.194.700/0001-41,1,,,,,
SERVE VALE BATERIAS LTDA,56.596.976/0001-23,1,,,,,
,56.596.976/0002-04,1,,,,,
SERVIMED COMERCIAL LTDA,44.463.156/0001-84,,1,,,,
SESCAMP COMERCIO DE ALIMENTOS LTDA,05.848.810/0001-16,,,1,,,
SEVEN COMERCIO DE MATERIAIS DE CONSTRUCAO LTDA,13.772.792/0001-64,1,,,,,
SIL SISTEMAS & INFORMATICA LTDA,90.983.636/0001-93,,,1,,,
SIMPLIFIQUE COMERCIO DE MATERIAL DE CONSTRUCAO LTDA,22.713.368/0001-30,1,,,,,
SIMPRESS COMERCIO LOCACAO E SERVICOS LTDA,07.432.517/0001-07,,1,,,,
SINOP DISTRIBUIDORA DE BATERIAS LTDA,46.299.125/0001-65,1,,,,,
Sipal Industria E Comercio Ltda,02.937.632/0002-92,,,,,,1
SKILL,10.975.214/0001-37,,,1,,,
Slc Agricola S.A.,89.096.457/0001-55,,,,,,1
SMAAK BEBIDAS INDUSTRIA E COMERCIO LTDA,05.554.455/0001-72,1,,,,,
SMART LOGISTICA,10.326.913/0001-56,1,,,,,
SOCIEDADE FOGAS LTDA,04.563.672/0001-66,,,1,,,
SODINE SOCIEDADE DISTRIBUIDORA DO NORDESTE LTDA,07.342.785/0001-20,1,,,,,
SOL DE MARIA,17.686.815/0001-79,,,1,,,
SOLALEX IND. DE SOLADOS,00.182.602/0001-07,,,1,,,
Solar Distribuidora,00.000.000/0000-00,,,,,,1
SOLDAMAQ,00.924.845/0006-88,1,,,,,
SOLUCAO DISTRIBUIDORA DE ALIMENTOS LTDA,08.191.305/0001-30,1,,,,,
SOLUCAO LOCADORA,17.505.616/0001-17,,,1,,,
SOLUCIONA LOGISTICA E TRANSPORTE LTDA,19.700.976/0001-03,,,1,,,
SOMA NUTRICAO ANIMAL INDUSTRIA E COMERCIO LTDA,64.322.423/0001-00,1,,,,,
SOMAI NORDESTE S/A,22.673.347/0001-38,,1,,,,
SONOVO ALIMENTOS LTDA,42.310.200/0001-90,1,,,,,
SOOPER,41.861.211/0001-04,,,1,,,
SOROCABA COMERCIO DE BATERIAS LTDA.,28.345.451/0001-80,1,,,,,
SOROCABA REFRESCOS S.A.,45.913.696/0001-85,,,1,1,,
SORVDOCE COMERCIAL DE ALIMENTOS LTDA,26.074.725/0002-07,1,,,,,
SORVETERIA SOL E NEVE,17.844.110/0001-32,1,,,,,
SOST INDUSTRIA E COMERCIO DE ALIMENTOS LTDA,07.041.307/0001-80,1,,,,,
"SOUZA, ROXO & CIA LTDA.",97.960.496/0001-87,1,,,,,
SPECIAL NUTRI INDUSTRIA E COMERCIO DE RACOES LTDA,19.442.650/0001-15,,,1,,,
SPRINTER TRANSMODAL TRANSPORTES LTDA,08.804.496/0001-68,,1,,,,
STA - DISTRIBUIDORA DE ALIMENTOS LTDA,07.546.521/0001-98,1,,,,,
STARLOG TRANSPORTES LTDA,43.184.306/0001-58,1,,,,,
START QUIMICA,22.685.341/0006-95,1,,,,,
STERICYCLE GESTAO AMBIENTAL LTDA,01.568.077/0002-06,1,,,,,
,01.568.077/0011-05,1,,,,,
,01.568.077/0027-64,1,,,,,
STOCK TRADE LOGISTICA E COMERCIO LTDA,35.345.018/0001-00,1,,,,,
STOLLER DO BRASIL LTDA - Filial,54.995.261/0005-41,,,1,,,
STRAPASSON & FILHOS PRODUCAO E COMERCIO DE ALIMENTOS LTDA EM,05.700.793/0001-75,1,,,,,
STRATURA ASFALTOS LTDA,59.128.553/0001-77,,,,1,,
"Sucafina Brasil Industria, Comercio E Exportacao Ltda.",07.146.352/0003-60,,,,,,1
Sulterminais De Armazens Gerais Ltda,80.785.884/0001-76,,,,,,1
,80.785.884/0007-61,,,,,,1
SULVET COMERCIAL ATACADISTA LTDA,04.627.994/0001-21,1,,,,,
SUMATEX PRODUTOS QUIMICOS LTDA,30.927.990/0001-79,,1,,,,
SUPER VINHOS DISTRIBUIDORA S.A.,10.791.934/0002-23,,,1,,,
SUPERGIRO DISTRIBUIDORA BELEM LTDA,23.472.709/0001-95,1,,,,,
SUPERMERCADO SUPERPAO S/A,77.883.320/0001-61,,,,1,,
SUPERMERCADOS JAU SERVE LTDA,03.640.467/0001-94,,,1,,,
"SUPPORTE ARMAZENAGEM, VENDAS E LOGISTICA INTEGRADA LTDA",03.447.983/0001-05,,,1,,,
SUZANO S/A,16.404.287/0156-91,,1,,,,
SVP COMERCIO DE ALIMENTOS LTDA,06.002.532/0001-44,1,,,,,
SYNGENTA SEEDS,00.000.000/0000-00,,,,,,1
,28.403.532/0001-99,,,,1,,
T & T COMERCIO E REPRESENTACAO LTDA,08.718.921/0001-04,1,,,,,
,08.718.921/0002-87,1,,,,,
T M Z COMERCIO E REPRESENTACAO LTDA,14.921.507/0001-92,1,,,,,
T&C FOODS COMERCIO E DISTRIBUICAO LTDA,32.253.313/0001-48,1,,,,,
T.M.F. Industria De Fertilizantes Inteligentes Ltda,07.858.383/0001-82,,,,,,1
TAF DISTRIBUIDORA DE ALIMENTOS E BEBIDAS LTDA,83.017.350/0001-98,1,,,,,
TAFF BRASIL TRANSPORTES,20.009.878/0001-03,,,1,,,
Taglog Servicos Logisticos Ltda,10.635.834/0001-27,,,,,,1
TALIMPO COMERCIO PRODUTOS DE LIMPEZA LTDA,11.831.930/0001-03,1,,,,,
TAMAGO PRODUCAO DE OVOS LTDA,44.066.845/0001-55,1,,,,,
TAMBAU INDUSTRIA ALIMENTICIA LTDA,02.340.534/0001-92,1,,,,,
TARTARUGA PANIFICIO MANUAL LTDA,33.976.365/0001-05,,,1,,,
TATETI LTDA,65.369.985/0003-34,1,,,,,
Tecchapecó Sistemas Ltda,13.969.629/0001-96,,,,,,1
TEF LOG DISTRIBUICOES E LOGISTICA,13.229.243/0001-48,,,1,,,
TERRA ALIMENTOS LTDA,19.420.593/0001-73,1,,,,,
TERRA FRESCA DELIVERY DE PRODUTOS ALIMENTICIOS LTDA,26.476.030/0001-62,,,1,,,
TERRAMARE,14.314.032/0001-76,,,1,,,
TEVERE INDUSTRIA E COMERCIO DE ACO LTDA,79.827.473/0001-17,,,,1,,
Thomas Matias Michels,00.000.056/1221-79,,,,,,1
TIAO E KARINA,21.566.657/0001-90,,,1,,,
TIJUCA ALIMENTOS LTDA,09.524.502/0001-96,1,,,,,
TINTAS VERGINIA,84.866.342/0008-55,,,1,,,
TINTASUL DISTRIBUIDORA DE TINTAS LTDA,02.306.203/0001-36,1,,,,,
TISCOSKI DISTRIBUIDORA COMERCIAL S.A.,79.942.272/0001-60,,,,1,,
TMC DISTRIBUIDOR E ATACADISTA DE ALIMENTOS LTDA,14.345.032/0001-33,1,,,,,
TOLEDO DISTRIBUIDOR DE FERRAGENS LTDA,23.450.985/0001-52,1,,,,,
Top - Tapajos Operador Portuario Ltda,36.480.214/0001-50,,,,,,1
TOP ALTO PARTICIPACOES E COMERCIO LTDA,10.915.021/0001-90,1,,,,,
TOP CHICLE COMERCIAL EIRELI,05.622.093/0001-00,1,,,,,
TOP SERVICE DISTRIBUIDORA DE PRODUTOS DE CONSUMO PESSOAL LTD,20.023.288/0001-27,1,,,,,
TOPMEDLAR,10.266.935/0001-78,1,,,,,
TORRES ALIMENTOS LTDA,02.201.404/0001-79,1,,,,,
TRANS CN TRANSPORTE E LOGISTICA LTDA,29.976.087/0001-19,1,,,,,
TRANSBELO LOG LTDA,22.054.629/0001-57,,1,,,,
TRANSJC LOGISTICA E TRANSPORTE LTDA,06.177.710/0001-78,1,,,,,
TRANSJOTAPE TRANSPORTE E LOGISTICA LTDA,10.407.802/0001-74,,1,,,,
TRANSMASSA LOGISTICA LTDA,05.555.431/0001-38,,1,,,,
TRANSPORTADORA ARRIECHE DA SILVA LTDA,08.708.477/0001-38,1,,,,,
TRANSPORTADORA CASA VERDE LTDA,44.853.703/0001-38,,,,1,,
TRANSPORTADORA MINAS BRASIL LTDA,16.578.597/0001-96,,1,,,,
TRANSPROLOG LOGISTICA E TRANSPORTE LTDA,14.846.162/0002-30,1,,,,,
,14.846.162/0003-11,1,,,,,
TRANSVILA TRANSPORTES E LOGISTICA LTDA.,19.101.641/0001-60,,,1,1,,
TRATHO METAL QUIMICA LTDA,18.001.764/0001-67,1,,,,,
TRAVAGIN & TRAVAGIN LTDA,56.679.863/0001-91,1,,,,,
TRENDX,11.251.050/0002-49,,,1,,,
TREVILUB COMERCIO DE LUBRIFICANTES LTDA,72.675.028/0001-30,1,,,,,
TRIANGULO DISTRIBUIDORA DE BATERIAS LTDA,11.613.094/0001-90,1,,,,,
TRIVALE INSTITUICAO DE PAGAMENTO LTDA,00.604.122/0001-97,,,1,,,
TRIZY TECNOLOGIA EM LOGÍSTICA LTDA,28.556.723/0001-90,,2,,1,,
TROPICAL MULTILOJA,84.450.212/0001-60,,,1,,,
TRP OPERADORA LOGISTICA LTDA,05.359.132/0001-28,1,,,,,
Truck Service Gerenciamento De Patio Ltda,49.686.992/0001-41,,,,,,1
TUDO OFFICE LTDA.,19.843.238/0001-07,1,,,,,
TUDOBOM COMERCIAL LTDA,05.169.759/0001-16,1,,,,,
UBY AGROQUIMICA S.A.,21.320.221/0001-17,,,,1,,
UDIMIX DISTRIBUIDORA DE ALIMENTOS LTDA,08.067.979/0001-27,1,,,,,
ULTRA MOVEIS CORPORATIVO LTDA,18.173.277/0001-81,,,1,,,
ULTRACENTER INDUSTRIA E COMERCIO DE ACOS LTDA.,06.151.891/0001-63,1,,,,,
UNILEVER BRASIL INDUSTRIAL LTDA,01.615.814/0001-01,,,,1,,
UNILEVER BRASIL LTDA.,61.068.276/0001-04,,,,1,,
UNILIDER DISTRIBUIDORA S.A.,05.424.008/0001-07,1,,,,,
UNILIMP - DISTRIBUIDORA DE PRO,07.011.212/0001-13,1,,,,,
UNIMARKA DISTRIBUIDORA S/A,05.997.742/0001-57,1,,,,,
UNIMED DE NATAL,08.380.701/0019-34,,,1,,,
Union Service Logistica Ltda,43.099.511/0001-15,,,,,,1
UNIPAN TRANSPORTADORA E PRESTADORA DE SERVICOS GO LTDA,36.002.713/0001-31,1,,,,,
UNIPAN TRANSPORTADORA E SERVICOS LTDA,35.863.602/0001-57,1,,,,,
UNIVALE,05.767.963/0001-39,1,,,,,
UP DISTRIBUIDORA DE PRODUTOS DESCARTAVEIS LTDA,12.423.997/0001-71,1,,,,,
USINAS ITAMARATI S/A,15.009.178/0001-70,,,,1,,
V. C. FERRAGENS LTDA,12.324.723/0001-25,1,,,,,
V. S. P. DISTRIBUIDORA,11.437.574/0001-48,1,,,,,
V.S. DISTRIBUIDORA LTDA.,16.163.057/0001-41,1,,,,,
,16.163.057/0012-02,1,,,,,
VACCINAR INDUSTRIA E COMERCIO LTDA,21.820.014/0008-06,1,,,,,
VAI FACIL BR SOLUCOES DE SERVICOS TECNOLOGICOS DE INFORMATIC,26.370.661/0001-00,,,,1,,
VALERIANO VALENTE DE OLIVEIRA & CIA LTDA,09.165.028/0001-53,1,,,,,
VALFREDO & BARBOSAS LTDA,40.761.538/0001-33,1,,,,,
VARIETA COMERCIO E INDUSTRIA LTDA,94.693.058/0001-01,,,1,,,
"VASCONCELOS INDUSTRIA, COMERCIO, IMPORTACAO E EXPORTACAO LTD",03.647.755/0001-70,1,,,,,
Vedacit,00.000.000/0000-00,,,,,,1
VEDACIT DO NORDESTE S/A,14.680.219/0001-93,,,1,1,,
VELETRICA DISTRIBUIDOR IMPORT. E EXPORT. LTDA,29.398.209/0001-37,1,,,,,
VENDIFY,32.016.256/0001-83,,,1,,,
Verde Fertilizantes Ltda.,08.000.607/0001-83,,,,,,1
VETBR SAUDE ANIMAL LTDA,10.680.755/0001-38,1,,,,,
VETTORE CARGAS E TRANSPORTES LTDA.,30.232.118/0001-06,1,,,,,
VEX LOGISTICA E TRANSPORTES LTDA,03.234.748/0001-47,,1,,,,
VIA CERTA INDUSTRIA E COMERCIO DE ALIMENTOS LTDA,04.356.697/0001-99,1,,,,,
VIA MINAS TRANSPORTES E ENCOMENDAS LTDA,30.899.999/0001-13,,1,,,,
VIBRA AGROINDUSTRIAL S/A,93.586.303/0001-19,,,,1,,
VIBRA ENERGIA S/A,34.274.233/0001-02,,1,,,,
VIDRIO ANDINO,00.000.000/0000-00,,,,1,,
VIEIRA DA SILVA DISTRIBUIDORA LTDA,19.510.587/0002-98,1,,,,,
VIGOR ALIMENTOS S.A.,13.324.184/0001-97,,,,1,,
Vila Nova (Tech Chapecó),00.000.000/0000-00,,,,,,1
VILA VITORIA MERCANTIL DO BRASIL LTDA,14.024.944/0001-03,1,,,,,
VILELA & VILELA LTDA,01.490.807/0001-12,1,,,,,
VILLA PESCADOS COMERCIO DE FRUTOS DO MAR LTDA,25.108.777/0001-03,1,,,,,
Vinicius Teodoro Michels,00.095.005/9271-15,,,,,,1
VIP TRANSPORTE DE CARGAS LTDA,05.996.122/0001-01,,1,,,,
VISTAME COMERCIO E SERVICOS DE MODA LTDA,29.449.019/0001-00,,,1,,,
VITAMAZ,12.905.284/0001-44,1,,,,,
VITORIA ATACADISTA DE ALIMENTOS LTDA,06.191.994/0001-57,1,,,,,
,06.191.994/0006-61,1,,,,,
VIVA LOG E ARMAZENAGEM LTDA,24.633.196/0001-10,1,,,,,
Viveo,00.000.000/0000-00,,,,,,1
VOLTA REDONDA COMERCIO DE BATERIAS LTDA,30.213.702/0001-14,1,,,,,
Votorantim Cimentos S.A.,01.637.895/0001-32,,,,,,1
VPJ COMERCIO DE PRODUTOS ALIMENTICIOS LTDA,07.162.028/0004-17,1,,,,,
W. E. DE OLIVEIRA & CIA. LTDA,07.408.145/0001-75,1,,,,,
"WESTROCK, CELULORES, PAPEL E EMBALAGENS LTDA",45.989.050/0001-81,,,,1,,
Wg Armazens Gerais Ltda,47.762.280/0001-39,,,,,,1
WHITE MARTINS GASES INDUSTRIAIS DO NORDESTE LTDA.,24.380.578/0001-89,,,,1,,
WHITE MARTINS GASES INDUSTRIAIS DO NORTE LTDA.,34.597.955/0001-90,,,,1,,
WHITE MARTINS GASES INDUSTRIAIS LTDA,35.820.448/0001-36,,,,1,,
WICKBOLD & NOSSO PAO INDUSTRIAS ALIMENTICIAS LTDA,62.691.043/0001-18,,2,,,,
WILSO DISTRIBUIDOR LTDA,07.024.536/0001-96,1,,,,,
WINTERHALTER BRASIL,12.210.279/0001-17,,,1,,,
WKP DISTRIBUIDOR VAREJISTA DE PRODUTOS DE LIMPEZA E DESCARTA,25.476.662/0001-63,,,1,,,
WM TRANSPORTE DE GASES LTDA.,11.610.213/0001-51,,,,1,,
WMB SUPERMERCADOS DO BRASIL LTDA.,00.063.960/0001-09,,,,1,,
WR INDUSTRIA E COMERCIO DE EMBALAGENS LTDA - ME,02.692.206/0001-55,1,,,,,
WT DISTRIBUIDORA LTDA,35.291.038/0001-45,1,,,,,
WT MOVIDO ACAI,26.440.254/0001-14,,,1,,,
XODO DE MINAS,30.567.855/0001-60,,,1,,,
YAMAHA MOTOR DO BRASIL LOGISTICA LTDA,26.278.985/0003-77,,,,1,,
YESCO ADMINISTRADORA DE BENS S/A.,15.032.773/0007-12,,,1,,,
ZAPT TECNOLOGIA LTDA,37.896.391/0001-84,,,1,,,
ZARB DISTRIBUIDORA DO BRASIL LTDA,07.790.729/0001-58,,1,,,,
"ZIYOU INTERMEDIACAO, LOCACAO E SERVICOS S/A",38.449.479/0001-10,,,1,,,
ZOFFI SUPERMERCADO ONLINE,30.746.661/0001-21,,,1,,,
ZUPPANI INDUSTRIAL LTDA,00.286.633/0001-08,1,,,,,